nom_de_couleur,caldera_cyan,caldera_magenta,caldera_jaune,caldera_noir,deuxCM7_cyan,deuxCM7_magenta,deuxCM7_jaune,deuxCM7_noir
000 Info,0.00,0.00,0.00,78.00,0.00,0.00,0.00,78.00
001 Rouge,1.00,100.00,73.00,9.00,0.00,90.00,67.00,5.00
002 Orange,0.00,36.00,84.00,0.00,0.00,34.00,84.00,0.00
003 Jaune,0.00,0.00,100.00,0.00,0.00,0.00,100.00,0.00
004 Vert bouteille,100.00,0.00,60.00,52.00,100.00,0.00,60.00,52.00
005 Marine,95.00,49.00,0.00,53.00,95.00,49.00,0.00,53.00
006 Bleu royal,99.00,0.00,0.00,0.00,99.00,0.00,0.00,0.00
007 Abricot,8.00,25.00,40.00,0.00,8.00,25.00,40.00,0.00
008 Turquoise,48.00,0.20,9.00,1.00,48.00,0.80,5.50,1.00
009 Jade,68.50,0.00,40.00,0.00,68.50,0.00,40.00,0.00
010 Grenoble,37.00,0.00,26.00,0.00,33.00,0.00,23.80,0.00
011 Lime,46.50,0.00,69.00,0.00,46.50,0.00,63.00,0.00
012 Rose pale,0.00,39.00,0.00,0.00,0.00,39.00,0.00,0.00
013 Fushia,16.00,68.00,0.00,0.00,10.00,68.00,0.00,0.00
014 Bleu canada,55.00,5.00,0.00,0.00,53.00,2.00,0.00,0.00
015 Orchidee,52.00,25.00,0.00,0.00,51.00,24.00,0.00,0.00
016 Violet,75.00,51.00,0.00,0.00,75.00,51.00,0.00,0.00
017 Charbon,41.00,0.00,4.00,55.00,20.00,0.00,9.00,51.00
017 Charcoal,41.00,0.00,4.00,55.00,26.00,0.00,9.00,51.00
018 Gris chlore max,33.00,2.00,8.00,47.00,20.00,5.00,8.00,43.00
020 Noir,44.00,0.00,10.00,92.00,0.00,0.00,0.00,94.00
020 Noir special,0.00,0.00,0.00,100.00,0.00,0.00,0.00,100.00
020 Noir triangle,100.00,0.00,0.00,92.00,couleur non trouvée,couleur non trouvée,couleur non trouvée,couleur non trouvée
021 Nature green,63.00,0.00,66.00,56.00,55.00,0.00,66.00,51.00
022 Brick,7.00,83.00,42.00,20.00,0.00,83.00,50.00,20.00
024 Dijon,5.00,9.00,32.00,0.30,5.00,9.00,32.00,0.30
025 Indigo,60.00,19.00,0.00,43.00,55.00,24.00,0.00,43.00
028 Bleu demi ton,99.00,28.00,0.00,0.00,99.00,28.00,0.00,0.00
030 Kaki,13.00,0.00,75.00,60.00,0.00,0.00,82.00,58.00
031 Bourgogne,7.00,86.50,70.00,50.00,0.00,86.50,72.00,45.00
032 Brun,10.00,40.00,77.00,42.00,0.00,47.00,77.00,42.00
033 Bleu ry,86.00,25.00,0.00,0.00,86.00,25.00,0.00,0.00
033 LG Flamme,3.00,70.00,69.00,0.00,0.00,90.00,86.00,0.00
034 Brandy,35.00,60.00,0.00,0.00,29.00,58.00,0.00,0.00
034 LG Bleu eclipse,94.00,62.00,0.00,55.00,couleur non trouvée,couleur non trouvée,couleur non trouvée,couleur non trouvée
035 Chartreuse,45.00,0.00,79.00,36.00,45.00,0.00,79.00,36.00
036 Lilas,44.50,37.00,1.00,0.00,44.50,37.00,1.00,0.00
037 Aqua,52.00,3.00,20.00,0.00,48.00,3.00,14.00,0.00
038 Prune,71.00,69.00,0.00,0.00,71.00,69.00,0.00,0.00
039 Sarcelle,100.00,22.00,43.00,0.00,100.00,22.50,40.00,0.00
040 Ultra violet,95.00,62.00,0.00,0.00,95.00,57.00,0.00,0.00
041 Or,5.00,21.00,77.00,9.00,0.00,21.00,77.00,8.00
042 Citron,0.00,0.00,56.00,0.00,0.00,0.00,56.00,0.00
043 Amethyste,58.00,53.00,8.00,32.00,47.50,53.00,2.00,30.00
045 Magenta process,23.00,56.00,0.00,1.00,14.00,52.00,0.00,1.00
046 LG Bleu marocain,97.00,0.00,28.00,25.00,86.00,0.00,23.00,25.00
047 Gris pale sherlock,8.00,0.00,5.00,26.00,2.00,1.20,2.70,21.00
049 LG Noix de coco grille,30.00,37.00,59.00,0.00,30.00,35.00,54.00,0.00
050 Banane,0.00,3.00,22.00,0.00,0.00,2.10,16.50,0.00
051 Vert perle,27.00,0.00,14.00,5.00,19.00,0.00,6.00,4.00
052 Eau douce,32.00,0.00,10.00,0.00,30.50,0.00,5.80,0.00
053 Havane,11.00,20.00,43.00,38.00,0.00,24.00,43.00,35.00
054 Penombre,60.00,24.00,0.00,44.00,60.00,32.00,0.00,44.00
055 Black navy,95.00,44.00,0.00,66.00,95.00,44.00,0.00,66.00
057 Jaune orange,0.00,17.00,85.00,0.00,0.00,14.00,85.00,0.00
058 Wine,9.00,88.00,46.00,71.00,0.00,79.00,46.00,59.00
059 Bordeaux,88.00,100.00,0.00,35.00,72.00,100.00,0.00,41.00
060 Jaune tdf,0.00,10.00,84.00,0.00,0.00,8.00,83.00,0.00
061 Caramel,5.00,27.00,75.00,0.00,5.00,27.00,75.00,0.00
061 LG Soufre vif,4.00,0.00,81.00,0.00,2.00,0.00,77.00,0.00
063 Olive,72.00,50.00,75.00,0.60,72.00,50.00,75.00,0.60
064 Rouge chili,3.00,68.00,33.00,23.00,0.00,90.00,54.00,26.00
065 Pacifique,76.00,0.00,14.00,1.00,73.00,0.00,14.00,0.00
066 Orange fonce,0.00,55.00,84.00,0.00,0.00,55.00,84.00,0.00
066 Orange foncee,0.00,55.00,84.00,0.00,0.00,55.00,84.00,0.00
067 Argent,4.00,0.00,3.00,9.00,12.00,5.00,6.00,0.00
068 Jaune pale,0.00,0.00,35.00,0.00,0.00,0.00,26.00,0.00
069 LG Citron tonique,0.00,2.00,40.00,0.00,0.00,1.50,37.00,0.00
069 Rouge usa,17.00,90.00,7.00,4.00,10.00,90.00,7.00,3.00
070 Neo bleu,56.00,19.00,0.00,0.00,54.00,15.00,0.00,0.00
071 Mais,0.00,10.00,75.00,0.00,0.00,8.00,75.00,0.00
072 Mauve,45.50,63.00,0.00,0.00,45.50,63.00,0.00,0.00
073 Vert mousse,13.00,0.00,34.00,28.00,4.00,0.00,33.00,28.00
074 Bleu etoile,87.00,34.00,30.00,0.00,87.00,34.00,30.00,0.00
075 Vert foret,82.00,0.00,72.00,0.00,82.00,0.00,72.00,0.00
076 Ambre,0.00,22.00,91.00,25.00,0.00,25.50,90.00,20.00
077 LG Carmin,4.00,100.00,33.00,20.00,1.00,100.00,47.00,17.00
077 Melon,18.00,0.00,45.00,0.00,12.00,0.00,45.00,0.00
078 LG Orange vibrant,0.00,28.00,87.00,0.00,couleur non trouvée,couleur non trouvée,couleur non trouvée,couleur non trouvée
078 Olive pale,58.00,34.00,52.00,0.00,52.00,34.00,52.00,0.00
079 Best before,2.00,3.00,12.00,2.00,2.00,3.00,8.00,1.00
080 Bleu cadillac,37.00,7.00,0.00,15.00,37.00,7.00,0.00,12.00
081 Orangeade,0.00,27.00,48.00,2.00,0.00,27.00,48.00,2.00
082 Off road,20.00,53.00,75.00,76.00,0.00,58.00,75.00,67.00
084 Dry blood,9.00,81.00,46.00,45.00,0.00,81.00,46.00,40.00
085 Rouge pimpon,12.00,92.00,24.00,12.00,0.00,90.00,34.00,12.00
086 Vert pomme,36.00,0.00,75.00,0.00,36.00,0.00,75.00,0.00
087 LG Bleu cobalt,98.00,47.00,7.00,0.00,95.00,44.00,7.00,0.00
087 Petit pois,41.50,23.00,52.00,0.00,41.50,23.00,52.00,0.00
088 Pin,99.00,30.50,77.00,12.50,99.00,30.50,77.00,12.50
089 Azur,80.00,29.00,0.00,0.00,80.00,29.00,0.00,0.00
090 LG Asphalte,37.00,1.00,4.00,65.00,8.00,0.00,5.00,58.00
090 Pms 1375c,0.00,23.00,83.00,0.00,0.00,23.00,83.00,0.00
091 Tropique,81.00,0.00,20.00,1.00,74.00,0.00,20.00,0.00
092 LG Foret nocturne,77.00,58.00,100.00,19.00,80.00,58.00,100.00,18.00
092 Paon,77.00,2.00,32.00,0.00,73.00,1.80,32.00,0.00
093 Tangerine,1.00,34.00,83.00,0.00,1.00,34.00,83.00,0.00
095 Taco,0.00,48.00,63.00,3.00,0.00,48.00,63.00,3.00
096 Raisin,100.00,83.50,8.00,2.00,100.00,83.50,8.00,2.00
097 Chene,31.00,55.00,87.00,0.00,31.00,55.00,87.00,0.00
098 Cayenne,0.00,60.00,86.00,15.00,0.00,65.00,95.00,10.00
099 Bleu electrique,100.00,46.00,7.00,0.00,100.00,46.00,7.00,0.00
100 PMS 541 C,62.00,28.00,14.00,3.00,couleur non trouvée,couleur non trouvée,couleur non trouvée,couleur non trouvée
102 Atlantique,77.00,14.00,1.00,63.00,67.00,0.80,0.60,59.00
103 Glace,44.00,17.00,16.00,4.00,42.50,18.00,15.00,0.00
103 Ice,44.00,17.00,16.00,4.00,42.50,17.00,16.00,0.00
104 Rose flash,0.00,64.00,0.00,0.00,0.00,64.00,0.00,0.00
106 Ruby red,12.00,86.00,42.00,40.00,0.00,85.50,42.00,36.00
109 Sauge,13.00,3.00,23.00,28.00,0.00,3.00,22.00,26.00
110 LG Cerises des barbades,0.00,100.00,60.00,18.00,0.00,99.00,65.00,13.00
110 Ultra bleu,100.00,30.00,0.00,0.00,100.00,30.00,0.00,0.00
111 Rouge feu,0.00,90.00,79.00,0.00,0.00,90.00,79.00,0.00
112 Vert fonce,96.00,0.00,78.00,0.00,96.00,0.00,78.00,0.00
115 LG Bleu curacao,95.00,0.00,0.00,0.00,99.00,0.00,0.00,0.00
115 Vert 150,33.00,6.00,78.00,3.00,33.00,6.00,78.00,0.00
117 Framboise,25.00,79.00,0.00,0.00,21.00,73.00,0.00,0.00
117 LG Bleu bijoux,70.00,0.00,15.00,0.00,70.00,0.00,13.00,0.00
118 Toffee,5.00,26.00,87.00,8.00,0.00,25.50,88.00,8.00
119 Neo lavande,48.00,28.00,1.00,4.00,48.00,27.00,1.00,4.00
120 Fusain,73.00,0.00,11.00,80.00,26.50,0.00,11.00,66.00
121 Jazz blue,34.00,0.00,2.00,19.00,34.00,0.00,0.60,16.20
122 Vert lycra,57.00,0.00,48.00,4.00,57.00,0.00,47.00,1.00
123 Onde,21.00,0.00,2.00,10.00,21.00,0.00,0.00,8.00
124 Vert cuivre,74.00,0.00,71.00,65.00,64.00,0.00,71.00,59.00
126 Wedgewood,47.00,6.00,2.00,44.00,40.00,0.00,2.00,42.00
128 Vert tendre,38.00,5.00,45.00,4.00,38.00,5.00,42.00,0.00
131 Rose optik,13.00,63.00,0.00,0.00,7.00,62.00,0.00,0.00
134 Baiser,23.00,88.00,0.00,0.00,16.00,85.00,0.00,0.00
135 Paprika,8.00,80.00,75.00,28.00,0.00,80.00,75.00,27.00
136 Vert tintin,16.00,8.00,41.00,0.00,16.00,8.00,41.00,0.00
137 Ciel d ete,23.00,3.50,0.00,0.00,23.00,3.50,0.00,0.00
138 Gris dauphin,37.00,13.00,0.00,35.00,31.00,14.00,0.00,32.00
140 Aqua di rosa,5.00,14.00,2.00,0.00,3.00,8.00,1.90,0.00
141 Jeans,77.00,33.00,0.00,28.00,77.00,33.00,0.00,28.00
144 Bleu poudre,38.00,2.00,4.00,1.00,41.00,1.80,3.00,0.60
145 Neo royal,93.00,20.50,0.00,3.00,93.00,20.50,0.00,3.00
146 Pms 13 0540tc,10.00,0.00,53.00,0.00,6.00,0.80,51.00,0.00
147 Bleu lg,85.00,1.00,0.00,0.00,85.00,1.00,0.00,0.00
148 Gris ss,62.00,0.00,2.00,72.00,29.00,0.00,1.60,55.00
150 Cristal,4.00,0.00,3.00,9.00,0.00,0.50,1.20,5.00
152 Corail,3.00,47.00,35.00,0.00,3.00,47.00,35.00,0.00
154 Gris carbone,69.00,0.00,2.00,74.00,43.00,0.00,0.00,62.00
161 Real red,9.00,87.00,50.00,27.00,0.00,86.50,54.00,26.00
167 Gris pale,3.50,0.00,3.50,8.00,8.00,4.00,5.00,1.00
169 Creme,2.00,1.00,10.00,2.00,1.20,1.70,6.50,1.00
175 Rouge matador,5.00,90.00,70.00,17.00,0.00,90.00,72.00,14.50
177 Curry,6.00,23.00,71.00,0.00,6.00,23.00,71.00,0.00
178 Bleu pascal,24.00,8.00,1.00,3.00,24.00,8.00,1.00,3.00
181 Steel,22.00,7.00,5.00,42.00,28.00,15.00,14.00,39.00
182 Chocolat,27.00,59.00,85.00,66.00,0.00,61.00,83.00,62.00
185 Sun tan,21.00,26.00,40.00,3.00,18.00,26.00,40.00,3.00
187 Bleu eclipse,63.00,27.00,0.00,42.00,63.00,27.00,0.00,42.00
188 Glacier,17.00,1.00,2.00,21.00,15.00,1.20,0.00,18.00
189 Linx,6.00,5.00,10.00,4.00,6.00,5.00,7.00,0.00
194 Lilas 300,29.00,23.00,0.00,0.00,26.00,20.00,0.00,0.00
206 LG Ile de bali,17.50,0.00,14.00,0.00,couleur non trouvée,couleur non trouvée,couleur non trouvée,couleur non trouvée
207 LG Bleu demi lune,36.00,7.00,2.00,19.00,couleur non trouvée,couleur non trouvée,couleur non trouvée,couleur non trouvée
208 LG Fleur de lotus,0.00,13.00,7.00,4.00,couleur non trouvée,couleur non trouvée,couleur non trouvée,couleur non trouvée
209 LG Rose bohemien,24.00,52.00,18.00,22.00,couleur non trouvée,couleur non trouvée,couleur non trouvée,couleur non trouvée
227 Bleu crepuscule,96.00,57.00,28.00,0.00,couleur non trouvée,couleur non trouvée,couleur non trouvée,couleur non trouvée
234 Vert gecko,20.00,0.00,46.00,0.00,couleur non trouvée,couleur non trouvée,couleur non trouvée,couleur non trouvée
237 LG Mojito,27.00,0.00,14.00,0.00,26.00,0.00,10.00,0.00
242 LG Menthe,40.00,0.00,26.00,0.00,40.00,0.00,23.00,0.00
243 LG Cricket,87.00,0.00,48.00,0.00,82.00,0.00,44.00,0.00
244 LG Poisson bleu,29.00,0.00,6.00,0.00,30.00,0.00,3.50,0.00
245 LG Shiraz,72.00,100.00,30.00,2.00,58.00,81.00,30.00,38.00
246 LG Bleu ciel,38.00,0.00,6.00,0.00,36.00,0.00,3.50,0.00
247 LG Limonade,1.80,0.00,31.00,0.00,0.80,0.00,26.00,0.00
249 LG Saphire,84.00,0.00,21.00,5.00,77.00,0.00,22.00,5.00
250 LG Bleu minuit,89.00,20.00,0.00,70.00,70.00,2.50,0.00,59.00
255 LG Coucher de soleil,0.00,46.00,89.00,3.00,0.00,36.00,87.00,0.00
256 LG Gris fer,27.00,0.50,2.00,61.00,26.00,0.50,2.00,51.00
263 LG Mousse dhiver,3.00,2.00,82.00,58.00,couleur non trouvée,couleur non trouvée,couleur non trouvée,couleur non trouvée
264 LG Chevrefeuille,35.00,17.00,100.00,0.00,36.00,17.00,100.00,0.00
281 LG Foret noire,79.00,49.00,90.00,0.00,74.00,46.00,85.00,0.00
282 LG Tangerine tango,0.00,60.00,90.00,0.00,0.00,57.00,87.00,0.00
288 LG Mauve magenta,43.00,87.00,0.00,15.00,46.00,90.00,0.00,22.00
292 LG Festival fushia,25.00,68.00,0.00,0.00,22.00,70.00,0.00,0.00
304 Pink lady,3.00,10.00,1.90,0.00,couleur non trouvée,couleur non trouvée,couleur non trouvée,couleur non trouvée
306 Bruine,0.00,0.00,0.90,11.00,0.10,0.20,1.20,5.00
308 LG Nuit sombre,97.00,57.00,0.00,60.00,80.00,42.00,0.00,65.00
309 LG Dune,10.00,13.00,26.00,25.00,couleur non trouvée,couleur non trouvée,couleur non trouvée,couleur non trouvée
310 LG Prune foncee,43.00,67.00,0.00,65.00,40.00,69.00,0.00,65.00
317 LG Ochre,9.00,23.00,80.00,1.00,couleur non trouvée,couleur non trouvée,couleur non trouvée,couleur non trouvée
348 LG Nuit dolive,67.00,54.00,80.00,1.00,couleur non trouvée,couleur non trouvée,couleur non trouvée,couleur non trouvée
372 LG Cedre vert,55.00,30.00,100.00,0.00,57.00,30.00,100.00,0.00
373 LG Brume bleue,30.00,14.00,1.00,0.00,31.00,10.00,1.00,0.00
374 LG Bleu baja,54.00,31.00,0.00,0.00,57.00,26.00,0.00,0.00
375 LG Etoile bleue,11.00,0.20,6.00,0.00,12.00,3.00,4.00,0.00
376 LG Mer des sargasses,63.00,27.00,0.00,42.00,65.00,30.00,0.00,42.00
396 Pivoine,18.00,58.00,0.00,0.00,12.00,50.00,0.00,0.00
480 Rose drummond,9.00,41.00,5.00,0.00,5.00,38.00,4.00,0.00
494 Dust gray,54.00,41.00,46.00,0.00,51.00,38.50,46.00,0.00
500 LG Ombre sombre,21.00,0.00,21.00,51.00,couleur non trouvée,couleur non trouvée,couleur non trouvée,couleur non trouvée
505 LG Mer urbaine,51.00,27.00,32.00,0.00,couleur non trouvée,couleur non trouvée,couleur non trouvée,couleur non trouvée
510 LG Ombre,17.00,3.00,20.00,28.00,couleur non trouvée,couleur non trouvée,couleur non trouvée,couleur non trouvée
517 LG Exuberance,0.50,41.00,94.00,2.00,couleur non trouvée,couleur non trouvée,couleur non trouvée,couleur non trouvée
521 LG Bleu mikonos,95.00,0.00,23.50,0.00,couleur non trouvée,couleur non trouvée,couleur non trouvée,couleur non trouvée
525 LG Baie de logan,54.00,50.00,8.00,28.00,couleur non trouvée,couleur non trouvée,couleur non trouvée,couleur non trouvée
528 LG Lueur verte,4.00,0.00,17.00,0.50,couleur non trouvée,couleur non trouvée,couleur non trouvée,couleur non trouvée
534 LG Cassonade,30.00,44.00,80.00,0.00,couleur non trouvée,couleur non trouvée,couleur non trouvée,couleur non trouvée
538 LG The Rooibos,3.00,59.00,89.00,19.00,couleur non trouvée,couleur non trouvée,couleur non trouvée,couleur non trouvée
542 LG Everglade,97.00,0.00,62.00,0.00,couleur non trouvée,couleur non trouvée,couleur non trouvée,couleur non trouvée
543 LG Cantaloup,0.00,23.00,32.00,0.00,couleur non trouvée,couleur non trouvée,couleur non trouvée,couleur non trouvée
545 LG Caraibes,67.00,0.00,21.00,0.00,couleur non trouvée,couleur non trouvée,couleur non trouvée,couleur non trouvée
548 LG Pina colada,0.00,0.00,32.00,0.00,couleur non trouvée,couleur non trouvée,couleur non trouvée,couleur non trouvée
553 LG Ultra orange,0.00,55.00,72.00,0.00,couleur non trouvée,couleur non trouvée,couleur non trouvée,couleur non trouvée
563 LG Rocher rouge,14.00,100.00,69.00,25.00,couleur non trouvée,couleur non trouvée,couleur non trouvée,couleur non trouvée
567 LG Rose sable,4.00,33.00,10.00,15.00,couleur non trouvée,couleur non trouvée,couleur non trouvée,couleur non trouvée
569 LG Bleu santorini,76.00,19.00,0.00,1.00,couleur non trouvée,couleur non trouvée,couleur non trouvée,couleur non trouvée
581 LG Rose pop,10.00,60.00,13.00,2.00,couleur non trouvée,couleur non trouvée,couleur non trouvée,couleur non trouvée
586 LG Bleu genie,75.00,0.00,7.00,0.10,couleur non trouvée,couleur non trouvée,couleur non trouvée,couleur non trouvée
587 LG Daiquiri,10.00,77.00,0.00,2.00,couleur non trouvée,couleur non trouvée,couleur non trouvée,couleur non trouvée
588 LG Punch tropical,0.00,40.00,35.00,0.00,couleur non trouvée,couleur non trouvée,couleur non trouvée,couleur non trouvée
602 Rose passion,8.00,85.00,1.00,8.00,0.00,85.00,0.80,7.00
608 Terre de sienne,24.00,56.00,79.00,0.00,21.00,56.50,79.00,0.00
615 LG Rhubarbe,15.00,98.00,33.00,35.00,0.00,90.00,57.00,33.00
616 Team red,4.00,90.00,44.00,7.00,0.00,90.00,44.00,7.00
618 Gris moyen,18.00,0.00,2.00,30.00,10.00,0.80,2.00,28.00
621 Aubergine,59.00,81.00,0.00,69.00,47.50,77.00,0.00,60.00
624 Barbapapa,1.00,15.00,0.00,0.00,0.80,10.00,1.30,0.00
625 Pink panter,3.00,26.50,3.00,0.00,3.00,26.50,3.00,0.00
625 Pink panther,3.00,26.50,3.00,0.00,3.00,26.50,3.00,0.00
626 Lite lime,6.00,0.00,37.00,0.00,3.00,0.00,40.00,0.00
632 Gris,11.00,0.00,5.00,22.00,14.00,4.00,5.50,16.00
635 Vert Armee,24.00,2.00,35.00,30.00,16.00,2.00,35.00,28.00
637 Mystic mauve,40.00,40.00,24.00,3.00,34.00,36.00,24.00,3.00
638 Terreau,65.00,53.00,79.00,0.00,65.00,53.00,79.00,0.00
639 Limbes,14.00,1.00,6.00,3.00,8.00,1.20,2.50,3.00
640 Bleu anodise,50.50,20.00,1.00,27.50,50.50,20.00,1.00,27.50
641 Gris igloo,55.00,31.00,36.00,16.00,46.50,31.00,35.00,15.50
644 Crepuscule,27.00,13.00,6.00,2.00,27.00,13.00,6.00,0.00
645 Parchemin,6.00,5.00,13.00,4.00,5.00,5.00,11.00,1.20
645 Parchemin ,6.00,5.00,13.00,4.00,couleur non trouvée,couleur non trouvée,couleur non trouvée,couleur non trouvée
646 Crepuscule fonce,48.50,28.00,0.00,22.00,48.50,28.00,0.00,22.00
649 Crepuscule pale ,17.00,3.00,2.00,0.00,12.00,3.00,1.20,0.00
651 Coquelicot,18.00,76.50,53.00,0.00,18.00,76.50,53.00,0.00
654 Sel d argent,8.00,0.00,2.00,19.00,3.00,1.00,1.00,15.00
660 Vert emeraude,59.00,0.00,72.00,0.00,59.00,0.00,72.00,0.00
663 Ochre,20.00,22.00,50.00,0.00,20.00,22.00,50.00,0.00
664 Romarin,47.00,35.00,54.00,0.00,47.00,35.00,54.00,0.00
666 Canyon,6.00,63.00,83.00,25.00,0.00,65.00,83.00,24.00
668 Rose glace,25.00,51.00,38.00,0.00,21.00,51.00,38.00,0.00
681 Atlantis,72.00,0.00,7.00,3.00,72.00,0.00,7.00,3.00
683 Hibiscus,17.00,82.00,28.00,0.00,17.00,82.00,28.00,0.00
687 Bois d ebene,20.00,40.00,64.00,65.00,0.00,39.00,54.00,53.00
697 Outremer,45.00,0.00,0.00,31.00,42.00,0.00,0.00,27.00
717 Jungle yellow,0.00,18.00,85.00,0.00,0.00,16.00,85.00,0.00
760 Ginger,0.00,91.00,54.00,10.00,0.00,88.00,51.00,4.00
764 Violette africaine,20.00,26.00,0.00,0.00,12.00,20.00,0.00,0.00
765 Wild lime,4.00,0.00,44.00,0.00,3.00,0.00,41.00,0.00
766 Cyan,69.00,0.00,11.00,0.00,68.00,0.00,8.00,0.00
783 Imperial purple,67.00,77.00,0.00,10.00,66.00,75.00,0.00,0.00
785 LG Tawny port,9.00,94.00,58.00,55.00,7.00,97.00,58.00,50.00
786 Pure purple,54.00,39.00,0.00,0.00,56.00,36.00,0.00,0.00
787 Flash blue,41.00,0.00,0.00,0.00,39.00,0.00,0.00,0.00
789 Shadow gray,55.00,39.00,41.00,0.00,52.00,38.00,41.00,0.00
AZR,72.00,27.00,17.00,0.00,couleur non trouvée,couleur non trouvée,couleur non trouvée,couleur non trouvée
GOL,0.00,16.00,96.00,1.00,couleur non trouvée,couleur non trouvée,couleur non trouvée,couleur non trouvée
Jelly Bean 17-6030,64.00,0.00,66.00,0.00,65.00,0.00,62.00,0.00
PANTONE 021 C,0.00,42.50,90.00,0.00,0.00,42.50,90.00,0.00
PANTONE 032 C,0.00,55.00,44.00,0.00,0.00,55.00,44.00,0.00
PANTONE 072 C,76.00,48.00,0.00,0.00,couleur non trouvée,couleur non trouvée,couleur non trouvée,couleur non trouvée
PANTONE 072 U,68.00,37.00,0.00,0.00,68.00,37.00,0.00,0.00
PANTONE 100 C,0.00,0.00,46.00,0.00,0.00,0.00,40.00,0.00
PANTONE 101 C,0.00,0.00,71.00,0.00,0.00,0.00,71.00,0.00
PANTONE 102 C,0.00,0.00,86.00,0.00,0.00,0.00,86.00,0.00
PANTONE 103 C,0.00,3.00,85.00,14.00,0.00,3.00,89.00,10.00
PANTONE 104 C,0.00,3.00,89.00,21.00,0.00,2.00,89.00,15.00
PANTONE 105 C,0.00,3.00,90.00,33.00,0.00,4.00,90.00,31.00
PANTONE 106 C,0.00,1.00,70.00,0.00,0.00,1.00,70.00,0.00
PANTONE 107 C,0.00,1.00,72.00,0.00,0.00,1.00,72.00,0.00
PANTONE 108 C,0.00,1.00,86.00,0.00,0.00,1.00,86.00,0.00
PANTONE 109 C,0.00,3.00,94.00,0.00,0.00,2.00,89.00,0.00
PANTONE 110 C,0.00,3.00,91.00,9.00,1.00,6.00,89.00,4.00
PANTONE 111 C,0.00,3.00,90.00,23.00,0.00,8.00,92.00,19.00
PANTONE 112 C,0.00,3.00,92.00,28.00,0.00,5.00,89.00,25.00
PANTONE 113 C,0.00,1.00,58.00,0.00,0.00,1.00,58.00,0.00
PANTONE 114 C,0.00,2.00,65.00,0.00,0.00,2.00,65.00,0.00
PANTONE 115 C,0.00,2.00,72.00,0.00,0.00,2.00,72.00,0.00
PANTONE 116 C,0.00,2.00,89.00,0.00,0.00,2.00,89.00,0.00
PANTONE 117 C,1.00,8.00,90.00,14.00,0.00,8.00,86.00,9.00
PANTONE 118 C,1.00,8.00,93.00,21.00,0.00,10.00,86.00,16.00
PANTONE 119 C,1.00,8.00,96.00,35.00,0.00,4.00,89.00,30.00
PANTONE 120 C,0.00,4.00,60.00,0.00,0.00,3.00,50.00,0.00
PANTONE 1205 C,0.00,5.00,41.00,0.00,0.00,3.00,25.00,0.00
PANTONE 121 C,0.00,5.00,61.00,0.00,0.00,3.00,45.00,0.00
PANTONE 1215 C,0.00,8.00,45.00,0.00,0.00,4.00,32.00,0.00
PANTONE 122 C,0.00,8.00,65.00,0.00,0.00,5.00,60.00,0.00
PANTONE 1225 C,0.00,9.00,48.00,0.00,0.00,6.00,55.00,0.00
PANTONE 123 C,0.00,8.00,85.00,0.00,0.00,6.00,86.00,0.00
PANTONE 1235 C,0.00,10.00,50.00,0.00,0.00,12.00,89.00,0.00
PANTONE 124 C,2.00,11.00,90.00,5.00,0.00,10.00,89.00,3.00
PANTONE 1245 C,2.00,11.00,92.00,13.00,0.00,13.00,89.00,9.00
PANTONE 125 C,2.00,11.00,95.00,19.00,0.00,15.00,89.00,14.00
PANTONE 1255 C,2.00,11.00,92.00,21.00,0.00,11.00,89.00,18.00
PANTONE 126 C,2.00,11.00,97.00,27.00,0.00,15.00,89.00,21.00
PANTONE 1265 C,2.00,16.00,94.00,32.00,0.00,18.00,92.00,31.00
PANTONE 127 C,0.00,5.00,40.00,0.00,0.00,3.00,38.00,0.00
PANTONE 128 C,0.00,4.00,50.00,0.00,0.00,3.00,53.00,0.00
PANTONE 129 C,0.00,6.00,73.00,0.00,0.00,4.00,73.00,0.00
PANTONE 130 C,0.00,13.00,89.00,1.00,0.00,13.00,89.00,1.00
PANTONE 131 C,2.00,20.00,88.00,13.00,1.00,21.00,89.00,7.00
PANTONE 132 C,2.00,20.00,95.00,27.00,2.00,24.00,89.00,17.00
PANTONE 133 C,2.00,20.00,97.00,46.00,1.00,22.00,89.00,43.00
PANTONE 134 C,0.00,9.00,42.00,0.00,0.00,5.00,37.00,0.00
PANTONE 1345 C,0.00,9.00,40.00,0.00,0.00,6.00,33.00,0.00
PANTONE 135 C,0.00,15.00,60.00,0.00,1.00,11.00,54.00,0.00
PANTONE 1355 C,0.00,11.00,42.00,0.00,0.00,7.00,44.00,0.00
PANTONE 136 C,0.00,13.00,71.00,0.00,1.00,11.00,69.00,0.00
PANTONE 1365 C,0.00,16.00,51.00,0.00,0.00,12.00,62.00,0.00
PANTONE 137 C,0.00,20.00,75.00,0.00,0.00,18.00,74.00,0.00
PANTONE 137 U,0.00,20.00,65.00,0.00,0.00,20.00,65.00,0.00
PANTONE 1375 C,0.00,19.00,85.00,0.00,0.00,19.00,82.00,0.00
PANTONE 1375 U,0.00,23.00,83.00,0.00,0.00,23.00,83.00,0.00
PANTONE 138 C,3.00,30.00,89.00,7.00,2.00,30.00,89.00,4.00
PANTONE 1385 C,3.00,30.00,94.00,11.00,2.00,28.00,89.00,5.00
PANTONE 139 C,3.00,30.00,94.00,20.00,1.00,31.00,89.00,14.00
PANTONE 1395 C,3.00,30.00,94.00,31.00,1.00,33.00,89.00,24.00
PANTONE 140 C,2.00,20.00,82.00,44.00,1.00,32.00,89.00,39.00
PANTONE 1405 C,3.00,30.00,97.00,45.00,0.00,37.00,89.00,39.00
PANTONE 141 C,0.00,11.00,40.00,0.00,0.00,6.00,32.00,0.10
PANTONE 142 C,0.00,12.00,55.00,0.00,1.00,10.00,66.00,0.00
PANTONE 143 C,3.00,17.00,77.00,1.00,1.00,14.00,75.00,2.00
PANTONE 144 C,4.00,33.00,83.00,1.00,2.00,32.00,89.00,1.00
PANTONE 145 C,4.00,33.00,92.00,9.00,2.00,33.00,89.00,5.00
PANTONE 146 C,4.00,33.00,95.00,28.00,1.00,32.00,89.00,20.00
PANTONE 146 U,0.00,26.00,71.00,25.00,0.00,26.00,71.00,25.00
PANTONE 147 C,2.00,11.00,91.00,46.00,0.00,21.00,89.00,41.00
PANTONE 148 C,1.00,11.00,27.00,0.00,0.00,6.00,23.00,0.00
PANTONE 1485 C,0.00,19.00,42.00,0.00,0.00,15.00,42.00,0.00
PANTONE 149 C,1.00,15.00,37.00,0.00,0.00,10.00,36.00,0.00
PANTONE 1495 C,0.00,29.00,70.00,0.00,0.00,25.00,70.00,0.00
PANTONE 150 C,1.00,22.00,63.00,0.00,0.00,17.00,62.00,0.00
PANTONE 1505 C,0.00,40.00,91.00,0.00,0.00,35.00,91.00,0.00
PANTONE 151 C,0.00,33.00,89.00,0.00,0.00,33.00,89.00,0.00
PANTONE 152 C,4.00,33.00,94.00,2.00,2.00,35.00,89.00,3.00
PANTONE 1525 C,10.00,50.00,89.00,10.00,3.00,50.00,89.00,10.00
PANTONE 153 C,4.00,33.00,95.00,16.00,2.00,33.00,87.00,10.00
PANTONE 1535 C,5.00,40.00,89.00,30.00,3.00,52.00,93.00,28.00
PANTONE 154 C,4.00,33.00,96.00,31.00,2.00,36.00,88.00,25.00
PANTONE 1545 C,15.00,58.00,100.00,52.00,1.00,53.00,93.00,52.00
PANTONE 155 C,1.00,6.00,16.00,0.00,0.00,4.00,11.00,1.00
PANTONE 1555 C,0.00,15.00,20.00,0.00,0.00,10.00,18.00,0.00
PANTONE 156 C,1.00,15.00,36.00,1.00,0.00,10.00,35.00,1.00
PANTONE 1565 C,0.00,23.00,40.00,0.00,0.00,18.00,38.00,0.00
PANTONE 157 C,3.00,28.00,73.00,1.00,2.00,28.00,70.00,1.00
PANTONE 1575 C,0.00,33.00,66.00,0.00,0.00,29.00,64.00,0.00
PANTONE 158 C,3.00,41.00,88.00,0.00,3.00,41.00,88.00,0.00
PANTONE 1585 C,0.00,40.00,85.00,0.00,0.00,39.00,83.00,0.00
PANTONE 159 C,5.00,43.00,89.00,1.00,4.00,49.00,89.00,3.00
PANTONE 1595 C,5.00,40.00,92.00,5.00,3.00,41.00,89.00,3.00
PANTONE 1595 U,8.00,34.00,70.00,0.00,8.00,34.00,70.00,0.00
PANTONE 160 C,5.00,43.00,93.00,21.00,3.00,51.00,89.50,20.00
PANTONE 1605 C,5.00,40.00,98.00,22.00,1.00,41.00,90.00,15.00
PANTONE 161 C,20.00,49.00,100.00,56.00,2.00,49.00,89.00,49.00
PANTONE 1615 C,5.00,40.00,86.00,29.00,3.00,50.00,89.00,26.00
PANTONE 162 C,0.00,16.00,19.00,0.00,0.00,9.00,15.00,0.00
PANTONE 1625 C,0.00,23.00,25.00,0.00,0.00,19.00,25.00,0.00
PANTONE 163 C,0.00,25.00,33.00,0.00,0.00,22.00,33.00,0.00
PANTONE 1635 C,0.00,32.00,37.00,0.00,0.00,28.00,36.00,0.00
PANTONE 164 C,0.00,34.00,62.00,0.00,0.00,30.00,62.00,0.00
PANTONE 1645 C,0.00,41.00,58.00,0.00,0.00,41.00,58.00,0.00
PANTONE 165 C,0.00,43.00,88.00,0.00,0.00,43.00,88.00,0.00
PANTONE 165 U,0.00,35.00,51.00,0.00,0.00,35.00,51.00,0.00
PANTONE 1655 C,0.00,48.00,82.00,0.00,0.00,48.00,82.00,0.00
PANTONE 166 C,3.00,46.00,89.00,0.00,3.00,46.00,89.00,0.00
PANTONE 1665 C,4.00,51.00,89.00,0.00,4.00,51.00,89.00,0.00
PANTONE 167 C,5.00,43.00,95.00,12.00,3.00,50.00,89.00,7.00
PANTONE 1675 C,12.00,51.00,90.00,14.00,4.00,51.00,90.00,14.00
PANTONE 168 C,6.00,44.00,77.00,42.00,3.00,59.00,90.00,39.00
PANTONE 1685 C,0.00,62.00,98.00,34.00,4.00,61.00,89.00,28.00
PANTONE 169 C,0.00,16.00,10.00,0.00,0.00,15.00,13.00,0.00
PANTONE 170 C,0.00,31.00,30.00,0.00,0.00,31.00,30.00,0.00
PANTONE 171 C,0.00,47.00,62.00,0.00,0.00,47.00,62.00,0.00
PANTONE 172 C,0.00,54.00,79.00,0.00,0.00,54.00,79.00,0.00
PANTONE 173 C,8.00,54.00,89.00,1.00,4.00,54.00,89.00,1.00
PANTONE 174 C,10.00,62.00,89.00,21.00,4.00,62.00,89.00,21.00
PANTONE 175 C,11.00,47.00,77.00,42.00,4.00,63.00,89.00,44.00
PANTONE 176 C,0.00,18.00,8.00,0.00,0.00,14.00,8.00,0.00
PANTONE 1765 C,0.00,19.50,7.00,0.00,0.00,19.50,7.00,0.00
PANTONE 1767 C,0.00,20.00,8.00,0.00,0.00,15.00,5.00,0.00
PANTONE 177 C,0.00,28.00,20.00,0.00,0.00,28.00,20.00,0.00
PANTONE 1775 C,0.50,26.00,12.00,0.00,0.50,26.00,12.00,0.00
PANTONE 1777 C,0.00,47.00,24.00,0.00,0.00,47.00,24.00,0.00
PANTONE 178 C,0.00,42.00,39.00,0.00,0.00,42.00,39.00,0.00
PANTONE 1785 C,0.00,52.00,37.00,0.00,0.00,52.00,37.00,0.00
PANTONE 1787 C,0.00,61.00,46.00,0.00,0.00,61.00,46.00,0.00
PANTONE 1788 C,0.00,65.00,69.00,0.00,0.00,65.00,69.00,0.00
PANTONE 179 C,5.00,63.00,83.00,0.00,4.00,63.00,83.00,0.00
PANTONE 1795 C,6.00,63.00,83.00,0.00,3.00,65.00,69.00,0.00
PANTONE 1797 C,7.00,66.00,76.00,1.00,6.00,71.00,76.00,1.00
PANTONE 180 C,9.00,65.00,84.00,6.00,4.00,65.00,84.00,6.00
PANTONE 1805 C,13.00,69.00,79.00,11.00,5.00,69.00,79.00,10.00
PANTONE 1805 U,20.00,71.00,68.00,0.00,20.00,71.00,68.00,0.00
PANTONE 1807 C,13.00,71.00,72.00,15.00,6.00,71.00,72.00,15.00
PANTONE 181 C,10.00,63.00,83.00,30.00,4.00,72.00,89.00,31.00
PANTONE 1815 C,13.00,72.00,79.00,36.00,5.00,72.00,79.00,36.00
PANTONE 1817 C,12.00,68.00,80.00,51.00,6.00,68.00,80.00,51.00
PANTONE 182 C,0.00,14.00,3.00,0.00,0.00,8.00,3.00,0.00
PANTONE 183 C,0.00,22.00,4.00,0.00,0.00,16.00,4.00,0.00
PANTONE 184 C,0.00,40.00,16.00,0.00,0.00,40.00,16.00,0.00
PANTONE 185 C,0.00,68.00,48.00,0.00,0.00,68.00,48.00,0.00
PANTONE 186 C,11.00,68.00,52.00,1.00,5.00,68.00,57.00,1.00
PANTONE 186 U,8.00,46.00,30.00,0.00,8.00,46.00,30.00,0.00
PANTONE 187 C,11.00,81.00,65.00,18.00,5.00,81.00,65.00,13.00
PANTONE 187 U,0.00,48.00,38.00,18.00,0.00,48.00,38.00,18.00
PANTONE 188 C,14.00,80.00,77.00,40.00,6.00,80.00,77.00,37.00
PANTONE 189 C,0.00,25.00,3.00,0.00,0.00,20.00,3.00,0.00
PANTONE 1895 C,1.00,17.00,3.00,0.00,1.00,10.00,2.00,0.00
PANTONE 190 C,0.00,36.50,8.00,0.00,0.00,36.50,8.00,0.00
PANTONE 1905 C,1.00,23.00,4.00,0.00,1.00,20.00,3.00,0.00
PANTONE 191 C,0.00,60.00,22.00,0.00,0.00,60.00,22.00,0.00
PANTONE 1915 C,1.00,50.00,8.00,0.00,1.00,50.00,8.00,0.00
PANTONE 192 C,1.00,73.00,46.00,0.00,1.00,73.00,46.00,0.00
PANTONE 1925 C,1.00,70.00,32.00,5.00,0.00,70.00,32.00,4.00
PANTONE 193 C,10.00,73.00,42.00,10.00,4.00,73.00,42.00,6.00
PANTONE 1935 C,9.00,82.00,32.00,5.00,0.00,90.00,25.00,0.00
PANTONE 194 C,18.00,86.00,30.00,10.00,4.00,71.00,42.00,18.00
PANTONE 1945 C,13.00,84.00,33.00,9.00,7.00,80.00,33.00,9.00
PANTONE 195 C,4.00,86.00,42.00,39.00,0.00,90.00,54.00,33.00
PANTONE 1955 C,15.00,96.00,33.00,15.00,0.00,90.00,39.00,17.00
PANTONE 196 C,0.00,10.00,4.00,2.00,0.00,8.00,4.00,2.00
PANTONE 197 C,0.00,26.00,8.00,2.00,0.00,26.00,8.00,2.00
PANTONE 198 C,0.00,68.00,32.00,0.00,0.00,68.00,32.00,0.00
PANTONE 199 C,5.00,74.00,57.00,1.00,5.00,74.00,57.00,1.00
PANTONE 200 C,8.00,78.00,45.00,5.00,1.00,78.00,45.00,5.00
PANTONE 201 C,24.00,77.00,53.00,0.00,18.00,76.50,53.00,0.00
PANTONE 2013 C,0.00,30.00,89.00,0.00,couleur non trouvée,couleur non trouvée,couleur non trouvée,couleur non trouvée
PANTONE 202 C,8.00,89.00,54.00,29.00,0.00,90.00,57.00,26.00
PANTONE 203 C,4.00,21.00,2.00,0.00,2.00,15.00,2.00,0.00
PANTONE 204 C,10.00,41.00,4.00,0.00,5.00,38.00,4.00,0.00
PANTONE 205 C,10.00,64.00,13.00,0.00,5.00,63.00,13.00,0.00
PANTONE 206 C,10.00,86.00,27.00,1.00,2.00,86.00,27.00,1.00
PANTONE 207 C,17.00,90.00,36.00,3.00,11.00,90.00,36.00,0.00
PANTONE 208 C,23.00,95.00,30.00,18.00,0.00,90.00,31.00,24.00
PANTONE 209 C,29.00,95.00,30.00,26.00,0.00,90.00,32.00,33.00
PANTONE 210 C,1.00,20.00,2.00,0.00,1.00,20.00,2.00,0.00
PANTONE 211 C,2.00,35.00,2.00,0.00,2.00,35.00,2.00,0.00
PANTONE 212 C,0.00,44.00,0.00,0.00,0.00,44.00,0.00,0.00
PANTONE 2128 C,19.50,3.50,0.00,5.00,couleur non trouvée,couleur non trouvée,couleur non trouvée,couleur non trouvée
PANTONE 213 C,0.00,64.00,0.00,0.00,0.00,64.00,0.00,0.00
PANTONE 214 C,7.00,68.00,0.00,2.00,4.00,68.00,0.00,0.00
PANTONE 2145 C,95.00,20.00,6.00,0.00,96.00,20.00,2.00,0.00
PANTONE 215 C,11.00,75.00,13.00,18.00,5.00,75.00,13.00,14.00
PANTONE 216 C,14.00,78.00,19.00,29.00,6.00,78.00,19.00,29.00
PANTONE 217 C,1.00,13.00,0.00,0.00,1.00,10.00,0.00,0.00
PANTONE 2172 C,67.00,8.50,0.00,0.00,67.00,8.50,0.00,0.00
PANTONE 2173 C,59.00,1.00,0.00,0.00,59.00,1.00,0.00,0.00
PANTONE 2175 C,80.00,1.00,0.00,0.00,84.00,1.00,0.00,0.00
PANTONE 218 C,11.00,42.00,0.00,0.00,6.00,42.00,0.00,0.00
PANTONE 2182 C,92.00,36.00,46.00,10.00,couleur non trouvée,couleur non trouvée,couleur non trouvée,couleur non trouvée
PANTONE 219 C,12.00,60.00,2.00,0.00,6.00,60.00,2.00,0.00
PANTONE 2191 C,47.00,0.00,5.00,0.00,couleur non trouvée,couleur non trouvée,couleur non trouvée,couleur non trouvée
PANTONE 220 C,20.00,90.00,12.00,5.00,0.00,90.00,12.00,15.00
PANTONE 221 C,22.00,90.00,12.00,9.00,2.00,88.00,20.00,19.00
PANTONE 222 C,9.00,90.00,4.00,42.00,0.00,90.00,3.50,37.00
PANTONE 2226 C,35.00,0.00,13.00,0.00,31.00,0.00,8.00,0.00
PANTONE 2227 C,37.00,0.00,15.00,0.00,29.00,0.00,8.00,0.00
PANTONE 223 C,7.00,28.00,0.00,0.00,4.00,25.00,0.00,0.00
PANTONE 224 C,8.00,37.00,0.00,0.00,4.00,35.00,0.00,0.00
PANTONE 225 C,15.00,60.00,0.00,0.00,8.00,60.00,0.00,0.00
PANTONE 226 C,15.00,74.00,0.00,0.00,8.00,74.00,0.00,0.00
PANTONE 227 C,22.00,88.00,0.00,0.00,16.00,88.00,0.00,0.00
PANTONE 228 C,24.00,72.00,10.00,0.00,24.00,72.00,10.00,0.00
PANTONE 229 C,19.00,84.00,0.00,39.00,5.00,84.00,11.00,36.00
PANTONE 2293 C,26.00,0.00,99.00,0.00,couleur non trouvée,couleur non trouvée,couleur non trouvée,couleur non trouvée
PANTONE 230 C,1.00,19.00,0.00,0.00,1.00,15.00,0.00,0.00
PANTONE 231 C,10.00,35.00,0.00,1.00,6.00,35.00,0.00,0.00
PANTONE 2312 C,4.00,11.00,30.00,12.00,4.00,11.00,30.00,12.00
PANTONE 232 C,15.00,53.00,0.00,1.00,10.00,53.00,0.00,0.00
PANTONE 232 U,4.00,38.00,0.00,0.00,4.00,38.00,0.00,0.00
PANTONE 233 C,19.00,61.00,0.00,1.00,13.00,61.00,0.00,0.00
PANTONE 2336 C,32.00,10.00,25.00,61.00,0.00,7.00,21.00,57.00
PANTONE 234 C,21.00,65.00,0.00,1.00,15.00,65.00,0.00,0.00
PANTONE 235 C,30.00,86.00,0.00,1.00,24.00,86.00,0.00,0.00
PANTONE 236 C,4.00,21.00,0.00,0.00,3.00,14.00,0.00,0.00
PANTONE 2365 C,4.00,14.00,0.00,0.00,3.00,10.00,1.00,0.00
PANTONE 237 C,10.00,31.00,0.00,0.00,5.00,29.00,0.00,0.00
PANTONE 2375 C,14.00,32.00,0.00,0.00,9.00,30.00,0.00,0.00
PANTONE 238 C,16.00,45.00,0.00,0.00,10.00,45.00,0.00,0.00
PANTONE 2382 C,55.00,5.00,0.00,0.00,couleur non trouvée,couleur non trouvée,couleur non trouvée,couleur non trouvée
PANTONE 2385 C,19.00,51.00,0.00,0.00,13.00,53.00,0.00,0.00
PANTONE 239 C,17.00,47.00,0.00,0.00,11.00,47.00,0.00,0.00
PANTONE 2395 C,23.00,52.00,0.00,0.00,15.00,45.00,0.00,0.00
PANTONE 240 C,17.00,53.00,0.00,0.00,11.00,53.00,0.00,0.00
PANTONE 2405 C,25.00,55.00,0.00,0.00,24.00,56.00,0.00,0.00
PANTONE 241 C,22.00,61.00,0.00,0.00,15.00,61.00,0.00,0.00
PANTONE 2415 C,29.00,63.00,0.00,0.00,33.00,66.00,0.00,0.00
PANTONE 242 C,37.00,90.00,0.00,0.00,30.00,90.00,0.00,7.00
PANTONE 2425 C,34.00,72.00,0.00,0.00,43.00,76.00,0.00,0.00
PANTONE 243 C,7.00,16.00,0.00,0.00,3.00,10.00,0.00,0.00
PANTONE 244 C,9.00,24.00,0.00,0.00,7.00,18.00,0.00,0.00
PANTONE 245 C,18.00,34.00,0.00,0.00,12.00,34.00,0.00,0.00
PANTONE 245 U,9.00,30.00,0.00,0.00,9.00,30.00,0.00,0.00
PANTONE 246 C,21.00,44.00,0.00,0.00,16.00,44.00,0.00,0.00
PANTONE 247 C,29.00,52.00,0.00,0.00,24.00,52.00,0.00,0.00
PANTONE 248 C,35.00,60.00,0.00,0.00,30.00,60.00,0.00,0.00
PANTONE 249 C,46.00,86.00,0.00,0.00,39.00,86.00,0.00,0.00
PANTONE 250 C,6.00,14.00,0.00,0.00,3.00,8.00,0.00,0.00
PANTONE 251 C,10.00,20.00,0.00,0.00,9.00,20.00,0.00,0.00
PANTONE 252 C,16.00,33.00,0.00,0.00,22.00,33.00,0.00,0.00
PANTONE 253 C,30.00,47.00,0.00,0.00,30.00,47.00,0.00,0.00
PANTONE 254 C,32.00,56.00,0.00,0.00,32.00,56.00,0.00,0.00
PANTONE 254 U,32.50,53.00,2.00,0.00,32.50,53.00,2.00,0.00
PANTONE 255 C,60.00,90.00,0.00,0.00,60.00,90.00,0.00,0.00
PANTONE 256 C,9.00,10.00,2.00,0.00,7.00,10.00,2.00,0.00
PANTONE 2562 C,8.00,18.00,0.00,0.00,7.00,12.00,0.00,0.00
PANTONE 2563 C,15.00,19.00,0.00,0.00,9.00,14.00,0.00,0.00
PANTONE 257 C,9.00,14.00,2.00,0.00,9.00,14.00,2.00,0.00
PANTONE 2572 C,16.00,20.00,0.00,0.00,11.00,18.00,0.00,0.00
PANTONE 2573 C,18.00,21.00,0.00,0.00,13.00,20.00,0.00,0.00
PANTONE 258 C,40.00,60.00,0.00,0.00,40.00,60.00,0.00,0.00
PANTONE 2582 C,20.00,42.00,0.00,0.00,30.00,43.00,0.00,0.00
PANTONE 2583 C,37.00,46.00,0.00,0.00,31.00,41.00,0.00,0.00
PANTONE 2587 C,40.00,42.00,0.00,0.00,40.00,42.00,0.00,0.00
PANTONE 259 C,50.00,70.00,0.00,0.00,50.00,70.00,0.00,0.00
PANTONE 2592 C,37.00,51.00,0.00,0.00,28.00,44.00,0.00,0.00
PANTONE 2593 C,47.00,60.00,0.00,0.00,44.00,60.00,0.00,0.00
PANTONE 2597 C,64.00,64.00,0.00,0.00,64.00,64.00,0.00,0.00
PANTONE 260 C,58.00,88.00,0.00,0.00,58.00,88.00,0.00,0.00
PANTONE 2602 C,40.00,56.00,0.00,0.00,40.00,56.00,0.00,0.00
PANTONE 2603 C,48.00,63.00,0.00,0.00,48.00,63.00,0.00,0.00
PANTONE 2607 C,62.00,62.00,0.00,10.00,62.00,62.00,0.00,10.00
PANTONE 261 C,54.00,86.00,0.00,10.00,54.00,86.00,0.00,0.00
PANTONE 2612 C,46.00,62.00,0.00,0.00,46.00,62.00,0.00,0.00
PANTONE 2613 C,50.00,64.00,0.00,0.00,50.00,64.00,0.00,0.00
PANTONE 2617 C,62.00,75.00,0.00,3.00,70.00,65.00,0.00,0.00
PANTONE 262 C,46.00,90.00,0.00,22.00,46.00,90.00,0.00,22.00
PANTONE 2622 C,57.00,90.00,0.00,0.00,57.00,90.00,0.00,0.00
PANTONE 2627 C,57.60,80.00,0.00,32.80,57.60,80.00,0.00,32.80
PANTONE 263 C,8.00,10.00,0.00,0.00,3.00,4.50,0.50,0.00
PANTONE 264 C,12.00,15.00,0.00,0.00,12.00,10.00,0.00,0.00
PANTONE 2645 C,21.00,16.00,0.00,0.00,18.00,12.50,0.00,0.00
PANTONE 265 C,37.00,37.00,0.00,0.00,42.00,37.00,0.00,0.00
PANTONE 2655 C,40.00,33.00,0.00,0.00,44.00,36.00,0.00,0.00
PANTONE 266 C,52.00,56.00,0.00,0.00,58.00,56.00,0.00,0.00
PANTONE 2665 C,47.00,38.00,0.00,0.00,48.00,36.00,0.00,0.00
PANTONE 267 C,65.00,70.00,0.00,0.00,70.00,70.00,0.00,0.00
PANTONE 268 C,63.00,63.00,0.00,0.00,63.00,63.00,0.00,0.00
PANTONE 2685 C,80.00,80.00,0.00,0.00,85.00,80.00,0.00,0.00
PANTONE 269 C,64.00,65.00,0.00,1.00,64.00,65.00,0.00,1.00
PANTONE 2695 C,90.00,82.00,16.00,0.00,90.00,80.00,16.00,0.00
PANTONE 270 C,18.00,11.00,0.00,0.00,13.50,8.00,0.50,0.00
PANTONE 2707 C,10.00,2.00,2.00,0.00,9.00,1.50,0.00,0.00
PANTONE 2708 C,15.00,3.00,2.00,0.00,10.00,2.00,0.00,2.00
PANTONE 271 C,32.00,20.00,0.00,0.00,32.00,20.00,0.00,0.00
PANTONE 2715 C,37.00,23.00,0.00,0.00,34.00,22.00,0.00,0.00
PANTONE 2716 C,24.00,9.00,0.00,0.00,24.00,8.00,0.00,0.00
PANTONE 2717 C,16.00,3.00,0.00,0.00,14.00,3.00,0.00,0.00
PANTONE 2718 C,55.00,19.00,0.00,0.00,54.00,16.00,0.00,0.00
PANTONE 272 C,44.00,32.00,0.00,0.00,44.00,32.00,0.00,0.00
PANTONE 2725 C,52.00,35.00,0.00,0.00,54.00,28.00,0.00,0.00
PANTONE 2727 C,55.00,15.00,0.00,0.00,58.00,10.00,0.00,0.00
PANTONE 2728 C,99.00,7.00,0.00,0.00,99.00,7.00,0.00,0.00
PANTONE 273 C,80.00,65.00,0.00,0.00,80.00,65.00,0.00,0.00
PANTONE 2735 C,74.00,60.00,0.00,0.00,76.00,53.00,0.00,0.00
PANTONE 2736 C,81.00,52.00,0.00,0.00,88.00,44.00,0.00,0.00
PANTONE 2738 C,90.00,45.00,0.00,0.00,76.00,56.00,0.00,0.00
PANTONE 274 C,80.00,66.80,6.40,1.80,80.00,66.80,6.40,1.80
PANTONE 2745 C,88.00,73.00,0.00,0.00,88.00,60.00,0.00,0.00
PANTONE 2745 CVC,100.00,94.00,0.00,0.00,100.00,94.00,0.00,0.00
PANTONE 2746 C,96.00,48.00,0.00,0.00,96.00,48.00,0.00,0.00
PANTONE 2747 C,100.00,65.00,3.00,0.00,96.00,69.00,0.00,0.00
PANTONE 2748 C,100.00,50.00,5.00,0.00,100.00,50.00,5.00,0.00
PANTONE 275 C,100.00,83.50,8.00,2.00,100.00,83.50,8.00,2.00
PANTONE 2755 C,90.00,72.00,0.00,0.00,90.00,72.00,0.00,0.00
PANTONE 2756 C,100.00,52.00,0.00,10.00,100.00,52.00,0.00,0.00
PANTONE 2757 C,100.00,57.00,7.00,0.00,100.00,57.00,3.00,0.00
PANTONE 2758 C,100.00,66.00,8.00,0.00,100.00,70.00,0.00,0.00
PANTONE 276 C,80.00,80.00,30.00,22.00,80.00,80.00,30.00,22.00
PANTONE 2765 C,100.00,95.00,0.00,0.00,100.00,95.00,0.00,0.00
PANTONE 2766 C,100.00,64.00,20.00,0.00,100.00,64.00,20.00,0.00
PANTONE 2767 C,100.00,68.00,0.00,30.00,100.00,68.00,0.00,30.00
PANTONE 2768 C,100.00,80.00,0.00,26.00,100.00,80.00,0.00,26.00
PANTONE 277 C,16.00,2.00,0.00,2.00,12.00,2.00,0.00,2.00
PANTONE 278 C,26.00,3.00,0.00,2.00,26.00,3.00,0.00,2.00
PANTONE 279 C,46.00,10.00,0.00,2.00,44.00,8.00,0.00,0.00
PANTONE 280 C,100.00,57.00,0.00,7.00,96.00,52.00,0.00,0.00
PANTONE 281 C,100.00,64.00,0.00,5.00,100.00,64.00,0.00,5.00
PANTONE 282 C,100.00,62.00,1.00,44.00,100.00,62.00,1.00,44.00
PANTONE 283 C,24.00,2.00,0.00,2.00,24.00,2.00,0.00,2.00
PANTONE 284 C,33.00,3.00,0.00,0.00,33.00,3.00,0.00,0.00
PANTONE 284 U,33.00,3.00,0.00,0.00,33.00,3.00,0.00,0.00
PANTONE 285 C,73.00,3.00,0.00,0.00,73.00,3.00,0.00,0.00
PANTONE 286 C,100.00,30.00,0.00,0.00,100.00,30.00,0.00,0.00
PANTONE 287 C,100.00,36.00,0.00,0.00,100.00,36.00,0.00,0.00
PANTONE 288 C,100.00,36.00,0.00,5.00,100.00,36.00,0.00,5.00
PANTONE 289 C,97.00,49.00,0.00,56.00,97.00,49.00,0.00,56.00
PANTONE 290 C,15.00,1.00,3.00,2.00,10.00,1.00,1.00,0.00
PANTONE 2905 C,21.00,0.00,4.00,0.00,16.00,0.00,0.50,0.00
PANTONE 291 C,20.00,1.00,4.00,0.00,13.00,1.00,1.00,0.00
PANTONE 2915 C,33.00,0.00,2.00,0.00,30.00,0.00,0.00,0.00
PANTONE 292 C,32.00,1.00,0.00,2.00,32.00,1.00,0.00,2.00
PANTONE 292 U,35.00,3.00,0.50,0.00,35.00,3.00,0.50,0.00
PANTONE 2925 C,52.00,0.00,0.00,0.00,52.00,0.00,0.00,0.00
PANTONE 293 C,85.00,19.00,0.00,0.00,85.00,19.00,0.00,0.00
PANTONE 2935 C,78.00,0.00,0.00,0.00,78.00,0.00,0.00,0.00
PANTONE 294 C,100.00,40.00,10.00,0.00,100.00,40.00,10.00,0.00
PANTONE 2945 C,92.00,16.00,10.00,0.00,92.00,16.00,10.00,0.00
PANTONE 2945 U,72.00,30.00,17.00,0.00,72.00,30.00,17.00,0.00
PANTONE 295 C,88.00,44.00,20.00,0.00,88.00,44.00,20.00,0.00
PANTONE 2955 C,100.00,29.00,10.00,37.00,100.00,29.00,0.00,37.00
PANTONE 296 C,100.00,38.00,0.00,64.00,100.00,38.00,0.00,64.00
PANTONE 2965 C,100.00,42.00,15.00,60.00,100.00,42.00,0.00,60.00
PANTONE 297 C,30.00,0.00,5.00,0.00,27.00,0.00,2.00,0.00
PANTONE 2975 C,20.00,0.00,7.00,0.00,18.00,0.00,2.30,0.00
PANTONE 298 C,53.00,0.00,5.00,1.00,48.00,0.00,3.00,0.00
PANTONE 2985 C,39.00,0.00,7.00,0.00,36.00,0.00,2.00,0.00
PANTONE 299 C,63.00,0.00,6.00,1.00,58.00,0.00,4.00,0.00
PANTONE 2995 C,52.00,0.00,9.00,0.00,54.00,0.00,5.00,0.00
PANTONE 300 C,90.00,0.00,0.00,0.00,90.00,0.00,0.00,0.00
PANTONE 3005 C,76.00,0.00,4.00,0.00,76.00,0.00,4.00,0.00
PANTONE 3005 U,76.00,2.00,6.00,0.00,76.00,2.00,6.00,0.00
PANTONE 301 C,94.00,0.00,12.00,0.00,94.00,0.00,12.00,0.00
PANTONE 3015 C,82.00,0.00,14.00,0.00,82.00,0.00,14.00,0.00
PANTONE 302 C,100.00,44.00,40.00,0.00,100.00,44.00,40.00,0.00
PANTONE 302 U,88.00,48.00,40.00,0.00,88.00,48.00,40.00,0.00
PANTONE 3025 C,100.00,0.00,31.00,7.00,100.00,0.00,31.00,7.00
PANTONE 303 C,100.00,22.00,0.00,64.00,100.00,22.00,0.00,64.00
PANTONE 3035 C,100.00,0.00,33.00,35.00,100.00,0.00,33.00,35.00
PANTONE 304 C,22.00,0.00,8.00,0.00,16.00,0.00,3.00,0.00
PANTONE 305 C,34.00,0.00,8.00,0.00,29.00,0.00,3.00,0.00
PANTONE 306 C,44.00,0.00,8.00,0.00,41.00,0.00,5.00,0.00
PANTONE 307 C,82.00,0.00,17.00,0.00,76.00,0.00,14.00,0.00
PANTONE 308 C,92.00,0.00,23.00,21.00,92.00,0.00,23.00,21.00
PANTONE 309 C,100.00,0.00,35.00,35.00,100.00,0.00,35.00,35.00
PANTONE 310 C,29.00,0.00,10.00,0.00,25.00,0.00,4.00,0.00
PANTONE 3105 C,23.00,0.00,8.00,0.00,20.00,0.00,4.00,0.00
PANTONE 311 C,32.00,0.00,10.00,0.00,30.00,0.00,4.00,0.00
PANTONE 3115 C,33.00,0.00,9.00,0.00,30.00,0.00,5.00,0.00
PANTONE 312 C,48.00,0.00,10.00,0.00,44.00,0.00,6.00,0.00
PANTONE 3125 C,47.00,0.00,11.00,0.00,46.00,0.00,8.00,0.00
PANTONE 313 C,64.00,0.00,15.00,0.00,61.00,0.00,10.00,0.00
PANTONE 3135 C,64.00,0.00,17.00,0.00,62.00,0.00,14.00,0.00
PANTONE 314 C,69.00,0.00,18.00,0.00,66.00,0.00,15.00,0.00
PANTONE 3145 C,67.00,0.00,23.00,0.00,66.00,0.00,22.00,0.00
PANTONE 315 C,78.00,0.00,27.00,0.00,74.00,0.00,24.00,0.00
PANTONE 3155 C,90.00,0.00,39.00,0.00,87.00,0.00,38.00,0.00
PANTONE 316 C,100.00,0.00,46.00,15.00,100.00,0.00,46.00,15.00
PANTONE 3165 C,100.00,0.00,46.00,17.00,100.00,0.00,44.00,17.00
PANTONE 317 C,18.00,0.00,10.00,0.00,10.00,0.00,4.00,0.00
PANTONE 318 C,21.00,0.00,10.00,0.00,16.00,0.00,4.00,0.00
PANTONE 319 C,35.00,0.00,13.00,0.00,31.00,0.00,7.00,0.00
PANTONE 320 C,64.00,0.00,25.00,0.00,64.00,0.00,22.00,0.00
PANTONE 321 C,68.00,0.00,27.00,0.00,66.00,0.00,25.00,0.00
PANTONE 322 C,89.00,0.00,46.00,0.00,84.00,0.00,44.00,0.00
PANTONE 323 C,90.00,0.00,51.00,0.00,88.00,0.00,48.00,0.00
PANTONE 324 C,17.00,0.00,9.00,0.00,12.00,0.00,4.00,0.00
PANTONE 3242 C,25.00,0.00,13.00,0.00,20.00,0.00,7.00,0.00
PANTONE 3245 C,21.00,0.00,13.00,0.00,couleur non trouvée,couleur non trouvée,couleur non trouvée,couleur non trouvée
PANTONE 325 C,32.00,0.00,14.00,0.00,29.00,0.00,9.00,0.00
PANTONE 325 U,36.00,0.00,14.50,0.00,36.00,0.00,14.50,0.00
PANTONE 3252 C,32.00,0.00,15.00,0.00,28.00,0.00,9.00,0.00
PANTONE 3255 C,32.00,0.00,19.00,0.00,28.00,0.00,12.00,0.00
PANTONE 3258 C,34.00,0.00,18.00,0.00,30.00,0.00,12.00,0.00
PANTONE 326 C,41.00,0.00,17.00,0.00,40.00,0.00,13.00,0.00
PANTONE 3262 C,38.00,0.00,18.00,0.00,38.00,0.00,15.00,0.00
PANTONE 3265 C,35.00,0.00,20.00,0.00,32.00,0.00,16.00,0.00
PANTONE 3268 C,50.00,0.00,28.00,0.00,50.00,0.00,28.00,0.00
PANTONE 327 C,76.00,0.00,39.00,0.00,72.00,0.00,38.00,0.00
PANTONE 3272 C,66.00,0.00,30.00,0.00,56.00,0.00,26.00,0.00
PANTONE 3275 C,48.00,0.00,27.00,0.00,44.00,0.00,24.00,0.00
PANTONE 3278 C,66.00,0.00,45.00,0.00,63.00,0.00,33.00,0.00
PANTONE 328 C,81.00,0.00,46.00,0.00,76.00,0.00,44.00,0.00
PANTONE 3282 C,73.00,0.00,40.00,0.00,70.00,0.00,40.00,0.00
PANTONE 3285 C,56.00,0.00,30.00,0.00,50.00,0.00,28.00,0.00
PANTONE 3288 C,74.00,0.00,55.00,0.00,73.00,0.00,48.00,0.00
PANTONE 329 C,88.00,0.00,51.00,0.00,84.00,0.00,48.00,0.00
PANTONE 3292 C,84.00,0.00,68.00,0.00,84.00,0.00,68.00,0.00
PANTONE 3298 C,80.00,0.00,71.00,0.00,80.00,0.00,71.00,0.00
PANTONE 330 C,100.00,0.00,75.00,30.00,100.00,0.00,70.00,28.00
PANTONE 3302 C,96.00,6.00,74.00,14.00,96.00,6.00,74.00,14.00
PANTONE 3305 C,76.00,24.00,60.00,10.00,76.00,24.00,60.00,10.00
PANTONE 3308 C,80.00,24.40,77.00,26.00,80.00,24.40,61.60,10.00
PANTONE 331 C,15.00,0.00,10.00,0.00,9.50,0.00,5.00,0.00
PANTONE 332 C,18.00,0.00,11.00,0.00,11.00,0.00,6.00,0.00
PANTONE 333 C,26.00,0.00,15.00,0.00,24.00,0.00,10.00,0.00
PANTONE 334 C,55.00,0.00,36.00,0.00,50.00,0.00,34.00,0.00
PANTONE 335 C,74.00,0.00,53.00,0.00,70.00,0.00,51.00,0.00
PANTONE 336 C,93.00,0.00,85.00,0.00,88.00,0.00,80.00,0.00
PANTONE 337 C,25.00,0.00,17.00,0.00,22.00,0.00,10.00,0.00
PANTONE 3375 C,20.00,0.00,17.00,0.00,16.00,0.00,10.00,0.00
PANTONE 338 C,30.00,0.00,20.00,0.00,27.00,0.00,13.00,0.00
PANTONE 3385 C,28.00,0.00,23.00,0.00,couleur non trouvée,couleur non trouvée,couleur non trouvée,couleur non trouvée
PANTONE 339 C,48.00,0.00,33.00,0.00,46.00,0.00,30.00,0.00
PANTONE 3395 C,41.00,0.00,34.00,0.00,38.00,0.00,32.00,0.00
PANTONE 340 C,68.00,0.00,53.00,4.00,65.00,0.00,50.00,4.00
PANTONE 340 U,65.00,0.00,50.00,4.00,65.00,0.00,50.00,4.00
PANTONE 3405 C,50.00,0.00,40.00,0.00,46.00,0.00,38.00,0.00
PANTONE 341 C,72.00,0.00,54.00,4.00,68.00,0.00,50.00,0.00
PANTONE 3415 C,74.00,0.00,74.00,0.00,74.00,0.00,74.00,0.00
PANTONE 342 C,83.00,0.00,70.00,12.00,79.00,15.00,62.00,0.00
PANTONE 3425 C,78.00,0.00,78.00,0.00,78.00,0.00,78.00,0.00
PANTONE 343 C,97.00,0.00,89.00,22.00,97.00,0.00,82.00,0.00
PANTONE 3435 C,84.00,0.00,92.00,40.00,80.00,0.00,80.00,10.00
PANTONE 3435 C Europcar,100.00,0.00,85.00,10.00,100.00,0.00,85.00,10.00
PANTONE 344 C,20.00,0.00,18.00,0.00,15.00,0.00,13.00,0.00
PANTONE 345 C,22.00,0.00,21.00,0.00,18.00,0.00,13.00,0.00
PANTONE 346 C,29.00,0.00,26.00,0.00,24.50,0.00,19.00,0.00
PANTONE 347 C,60.00,0.00,59.00,0.00,59.00,0.00,53.00,0.00
PANTONE 348 C,64.00,0.00,66.00,0.00,64.00,0.00,66.00,0.00
PANTONE 348 U,53.00,0.00,49.00,14.00,53.00,0.00,49.00,14.00
PANTONE 349 C,76.00,0.00,90.00,0.00,76.00,0.00,90.00,0.00
PANTONE 350 C,78.00,36.00,100.00,0.00,78.00,36.00,100.00,0.00
PANTONE 351 C,15.00,0.00,18.00,0.00,10.00,0.00,10.00,0.00
PANTONE 352 C,17.00,0.00,19.00,0.00,couleur non trouvée,couleur non trouvée,couleur non trouvée,couleur non trouvée
PANTONE 353 C,20.00,0.00,20.00,0.00,16.00,0.00,14.00,0.00
PANTONE 354 C,52.00,0.00,62.00,0.00,52.00,0.00,62.00,0.00
PANTONE 3546 C,1.00,100.00,73.00,9.00,couleur non trouvée,couleur non trouvée,couleur non trouvée,couleur non trouvée
PANTONE 355 C,58.00,0.00,72.00,0.00,58.00,0.00,72.00,0.00
PANTONE 355 U,58.00,0.00,63.00,0.00,58.00,0.00,63.00,0.00
PANTONE 356 C,68.00,0.00,90.00,0.00,68.00,0.00,90.00,0.00
PANTONE 357 C,72.00,28.00,80.00,0.00,72.00,28.00,80.00,0.00
PANTONE 358 C,16.00,0.00,32.00,0.00,12.00,0.00,24.00,0.00
PANTONE 359 C,20.00,0.00,34.00,0.00,16.00,0.00,32.00,0.00
PANTONE 360 C,28.00,0.00,60.00,0.00,28.00,0.00,60.00,0.00
PANTONE 361 C,35.00,0.00,80.00,0.00,40.00,0.00,64.00,0.00
PANTONE 362 C,40.00,0.00,85.00,2.00,46.50,0.00,65.00,0.00
PANTONE 363 C,42.00,4.00,96.00,7.00,52.00,4.00,81.00,0.00
PANTONE 364 C,45.00,0.00,79.00,32.00,45.00,0.00,79.00,32.00
PANTONE 365 C,12.00,0.00,33.00,0.00,6.00,0.00,30.00,0.00
PANTONE 366 C,14.00,0.00,39.00,0.00,8.00,0.00,36.00,0.00
PANTONE 367 C,18.00,0.00,42.00,0.00,12.00,0.00,40.00,0.00
PANTONE 368 C,29.00,0.00,62.00,0.00,28.00,0.00,64.00,0.00
PANTONE 368 U,44.00,0.00,80.00,0.00,44.00,0.00,80.00,0.00
PANTONE 369 C,40.00,0.00,82.00,0.00,40.00,0.00,82.00,0.00
PANTONE 370 C,52.00,12.00,100.00,0.00,52.00,12.00,100.00,0.00
PANTONE 371 C,60.00,32.00,100.00,0.00,60.00,32.00,100.00,0.00
PANTONE 371 U,50.00,30.00,64.00,0.00,50.00,30.00,64.00,0.00
PANTONE 372 C,7.00,0.00,25.00,0.00,3.00,0.00,20.00,0.00
PANTONE 373 C,10.00,0.00,32.00,0.00,4.00,0.00,28.00,0.00
PANTONE 374 C,15.00,0.00,43.00,0.00,8.00,0.00,40.00,0.00
PANTONE 375 C,19.00,0.00,62.00,0.00,14.00,0.00,60.00,0.00
PANTONE 376 C,33.00,0.00,85.00,0.00,33.00,0.00,85.00,0.00
PANTONE 376 U,40.00,0.00,85.00,0.00,40.00,0.00,85.00,0.00
PANTONE 377 C,40.00,12.00,100.00,0.00,40.00,12.00,100.00,0.00
PANTONE 378 C,52.00,32.00,100.00,0.00,52.00,32.00,100.00,0.00
PANTONE 378 U,3.00,0.00,40.00,29.00,3.00,0.00,40.00,29.00
PANTONE 379 C,3.00,0.00,40.00,0.00,1.00,0.00,38.00,0.00
PANTONE 380 C,6.00,0.00,58.00,0.00,3.00,0.00,58.00,0.00
PANTONE 381 C,8.00,0.00,61.00,0.00,4.00,0.00,42.00,0.00
PANTONE 381 U,8.00,0.00,40.00,0.00,8.00,0.00,40.00,0.00
PANTONE 382 C,13.00,0.00,67.00,0.00,8.00,0.00,68.00,0.00
PANTONE 383 C,9.00,0.00,89.00,10.00,5.00,0.00,89.00,10.00
PANTONE 383 U,14.00,0.00,76.00,18.00,14.00,0.00,76.00,18.00
PANTONE 384 C,32.00,16.00,100.00,0.00,32.00,16.00,100.00,0.00
PANTONE 385 C,37.00,25.00,100.00,5.00,37.00,25.00,72.00,0.00
PANTONE 386 C,3.00,0.00,51.00,0.00,1.00,0.00,48.00,0.00
PANTONE 387 C,6.00,0.00,65.00,0.00,3.00,0.00,65.00,0.00
PANTONE 388 C,7.00,0.00,71.00,0.00,4.00,0.00,71.00,0.00
PANTONE 389 C,9.00,0.00,74.00,0.00,6.00,0.00,73.00,0.00
PANTONE 390 C,22.00,5.00,100.00,0.00,18.00,4.00,100.00,0.00
PANTONE 391 C,30.00,16.00,100.00,0.00,28.00,12.00,100.00,0.00
PANTONE 392 C,37.00,23.00,100.00,10.00,1.00,0.00,89.00,35.00
PANTONE 393 C,0.20,0.00,44.00,0.00,0.20,0.00,44.00,0.00
PANTONE 3935 C,0.20,0.00,60.00,0.00,0.20,0.00,60.00,0.00
PANTONE 394 C,1.00,0.00,69.00,0.00,1.00,0.00,69.00,0.00
PANTONE 3945 C,1.00,0.00,77.00,0.00,1.00,0.00,77.00,0.00
PANTONE 395 C,2.00,0.00,77.00,0.00,2.00,0.00,77.00,0.00
PANTONE 3955 C,1.00,0.00,89.00,0.00,1.00,0.00,89.00,0.00
PANTONE 396 C,4.00,0.00,77.00,0.00,4.00,0.00,77.00,0.00
PANTONE 3965 C,2.00,0.00,90.00,0.00,2.00,0.00,90.00,0.00
PANTONE 397 C,11.00,0.00,91.00,5.00,3.50,0.00,91.00,5.00
PANTONE 3975 C,3.00,8.00,90.00,10.00,12.00,8.00,60.00,0.00
PANTONE 398 C,24.00,12.00,100.00,0.00,24.00,12.00,100.00,0.00
PANTONE 3985 C,0.00,6.00,90.00,22.00,0.00,6.00,90.00,22.00
PANTONE 399 C,25.00,15.00,100.00,0.00,25.00,15.00,100.00,0.00
PANTONE 3995 C,1.00,8.00,100.00,41.00,0.00,10.00,78.00,40.00
PANTONE 400 C,1.00,1.00,7.00,13.00,0.00,1.00,4.00,5.00
PANTONE 401 C,2.00,3.00,9.00,16.00,0.00,1.00,4.00,8.00
PANTONE 402 C,5.00,5.00,11.00,17.00,0.00,3.00,9.00,14.00
PANTONE 403 C,5.00,5.00,15.00,30.00,0.00,4.00,12.00,23.00
PANTONE 404 C,7.00,7.00,20.00,38.00,0.00,6.00,14.00,31.00
PANTONE 405 C,7.00,7.00,25.00,43.00,50.00,38.00,50.00,0.00
PANTONE 406 C,2.00,3.00,9.00,12.00,0.00,2.00,4.00,5.00
PANTONE 407 C,3.00,5.00,11.00,17.00,0.00,2.00,4.00,7.00
PANTONE 408 C,7.00,7.00,13.00,20.00,0.00,5.00,8.00,18.00
PANTONE 409 C,10.00,12.00,15.00,30.00,0.00,6.00,10.00,23.00
PANTONE 410 C,15.00,18.00,20.00,36.00,0.00,13.00,18.00,36.00
PANTONE 411 C,19.00,25.00,30.00,43.00,0.00,16.00,24.00,42.00
PANTONE 412 C,19.00,27.00,32.00,68.00,0.00,13.00,21.00,57.00
PANTONE 413 C,6.00,3.00,9.00,10.00,0.00,0.00,4.00,6.00
PANTONE 414 C,10.00,7.00,13.00,12.00,0.00,1.00,6.00,10.00
PANTONE 415 C,15.00,10.00,19.00,16.00,0.00,1.00,9.00,18.00
PANTONE 416 C,15.00,10.00,20.00,25.00,0.00,1.00,16.00,24.00
PANTONE 417 C,20.00,10.00,28.00,38.00,0.00,1.00,22.00,33.00
PANTONE 418 C,20.00,10.00,29.00,48.00,0.00,1.00,28.00,41.00
PANTONE 419 C,20.00,10.00,30.00,75.00,0.00,30.00,66.00,98.00
PANTONE 420 C,1.00,0.00,3.00,11.00,0.00,0.75,2.00,4.00
PANTONE 421 C,1.00,0.00,5.00,16.00,0.00,0.00,1.50,8.00
PANTONE 422 C,2.00,0.00,5.00,22.00,0.00,0.00,1.50,14.00
PANTONE 423 C,4.00,0.00,7.00,32.00,10.00,5.00,8.00,16.00
PANTONE 424 C,11.00,0.00,10.00,42.00,21.00,11.00,14.50,29.00
PANTONE 425 C,23.00,0.00,15.00,58.00,54.00,36.00,40.00,0.00
PANTONE 426 C,25.00,0.00,10.00,75.00,3.00,0.00,31.00,75.00
PANTONE 427 C,1.00,0.00,4.00,4.00,0.00,0.00,1.00,3.50
PANTONE 428 C,2.00,0.00,4.00,9.00,1.00,0.00,0.75,5.00
PANTONE 429 C,5.00,0.00,4.00,13.00,2.00,0.00,0.50,10.00
PANTONE 430 C,8.00,0.00,5.00,26.00,6.00,0.00,0.00,24.00
PANTONE 431 C,13.00,0.00,5.00,38.00,20.00,0.00,0.00,40.00
PANTONE 432 C,20.00,0.00,5.00,52.00,45.00,0.00,0.00,65.00
PANTONE 433 C,42.00,2.00,7.00,84.00,23.00,2.00,0.00,77.00
PANTONE 434 C,2.00,4.00,5.00,7.00,0.00,2.00,2.00,3.00
PANTONE 435 C,5.00,6.00,6.00,8.00,0.00,2.00,2.00,5.00
PANTONE 436 C,5.00,10.00,6.00,11.00,0.00,4.00,3.00,7.00
PANTONE 437 C,44.00,40.00,40.00,0.00,44.00,40.00,40.00,0.00
PANTONE 438 C,63.00,58.00,60.00,0.00,58.00,52.00,60.00,0.00
PANTONE 439 C,69.00,61.00,70.00,0.00,64.00,56.00,70.00,0.00
PANTONE 440 C,80.00,73.00,85.00,10.00,75.00,68.00,100.00,10.00
PANTONE 441 C,9.00,0.00,9.00,6.00,2.00,0.00,3.00,5.00
PANTONE 442 C,13.00,0.00,9.00,10.00,2.00,0.00,3.00,8.00
PANTONE 443 C,15.00,0.00,9.00,12.00,2.00,0.00,3.00,10.00
PANTONE 444 C,11.00,0.00,10.00,26.00,4.00,0.00,8.00,25.00
PANTONE 445 C,24.00,0.00,21.00,43.00,7.00,0.00,21.00,43.00
PANTONE 446 C,24.00,0.00,25.00,51.00,couleur non trouvée,couleur non trouvée,couleur non trouvée,couleur non trouvée
PANTONE 447 C,24.00,0.00,30.00,60.00,7.00,0.00,26.00,59.00
PANTONE 448 C,64.00,53.50,100.00,0.00,64.00,53.50,100.00,0.00
PANTONE 4485 C,6.00,20.00,98.00,45.00,0.00,28.00,98.00,45.00
PANTONE 449 C,60.00,49.50,100.00,0.00,60.00,49.50,100.00,0.00
PANTONE 4495 C,31.00,28.00,70.00,0.00,31.00,28.00,70.00,0.00
PANTONE 450 C,56.00,48.00,100.00,0.00,56.00,48.00,100.00,0.00
PANTONE 4505 C,0.00,5.00,53.00,22.00,0.00,10.00,68.00,20.00
PANTONE 451 C,0.00,3.00,25.00,21.00,0.00,3.00,25.00,13.00
PANTONE 4515 C,16.00,14.00,39.00,0.00,16.00,14.00,39.00,0.00
PANTONE 452 C,0.00,3.00,25.00,17.00,couleur non trouvée,couleur non trouvée,couleur non trouvée,couleur non trouvée
PANTONE 4525 C,0.00,2.00,25.00,11.00,1.00,4.00,20.00,1.00
PANTONE 453 C,2.00,2.00,14.00,8.00,couleur non trouvée,couleur non trouvée,couleur non trouvée,couleur non trouvée
PANTONE 4535 C,0.00,2.00,21.00,10.00,0.00,2.00,14.00,4.00
PANTONE 454 C,2.00,1.00,10.00,8.00,0.00,1.00,8.00,4.00
PANTONE 4545 C,0.00,2.00,19.00,8.00,0.00,2.00,12.00,3.00
PANTONE 455 C,0.00,12.00,84.00,34.00,0.00,12.00,84.00,34.00
PANTONE 456 C,13.00,17.00,77.00,15.00,17.00,17.00,66.00,0.00
PANTONE 457 C,12.00,14.00,60.00,2.00,12.00,14.00,60.00,2.00
PANTONE 458 C,5.00,6.00,42.00,0.00,5.00,6.00,42.00,0.00
PANTONE 459 C,3.00,4.00,40.00,0.00,3.00,4.00,40.00,0.00
PANTONE 460 C,1.50,2.00,27.00,0.00,1.50,2.00,27.00,0.00
PANTONE 461 C,1.00,2.00,25.00,0.00,1.00,2.00,25.00,0.00
PANTONE 462 C,60.00,65.00,100.00,0.00,60.00,53.00,100.00,0.00
PANTONE 4625 C,51.00,61.00,80.00,12.00,51.00,51.00,61.00,0.00
PANTONE 4625 U,50.00,52.00,81.00,0.00,50.00,52.00,81.00,0.00
PANTONE 463 C,48.00,53.00,80.00,0.00,48.00,53.00,80.00,0.00
PANTONE 4635 C,32.00,48.00,100.00,0.00,32.00,48.00,100.00,0.00
PANTONE 464 C,36.00,50.00,80.00,0.00,36.00,50.00,80.00,0.00
PANTONE 4645 C,18.00,27.00,43.00,0.00,18.00,27.00,43.00,0.00
PANTONE 465 C,14.00,22.00,50.00,0.00,14.00,22.00,50.00,0.00
PANTONE 4655 C,14.00,24.00,40.00,0.00,14.00,24.00,40.00,0.00
PANTONE 466 C,11.00,15.00,35.00,0.00,10.00,14.00,30.00,0.00
PANTONE 4665 C,10.00,17.00,30.00,0.00,10.00,17.00,30.00,0.00
PANTONE 467 C,7.00,11.00,28.00,0.00,7.00,9.00,25.00,0.00
PANTONE 4675 C,4.00,9.00,13.00,5.00,1.00,5.00,10.00,2.00
PANTONE 468 C,2.00,6.00,16.00,4.00,1.00,3.00,10.00,1.00
PANTONE 4685 C,1.00,5.00,9.00,4.00,4.00,6.00,10.00,0.00
PANTONE 469 C,52.00,66.00,100.00,0.00,52.00,60.00,100.00,0.00
PANTONE 4695 C,39.00,70.00,90.00,42.00,34.00,70.00,90.00,42.00
PANTONE 470 C,24.00,45.00,100.00,0.00,24.00,39.50,100.00,0.00
PANTONE 4705 C,40.00,58.00,73.00,0.00,40.00,58.00,73.00,0.00
PANTONE 471 C,12.00,38.50,100.00,0.00,12.00,38.50,100.00,0.00
PANTONE 4715 C,32.00,43.00,51.00,0.00,32.00,43.00,51.00,0.00
PANTONE 472 C,6.00,20.00,39.00,0.00,6.00,20.00,39.00,0.00
PANTONE 4725 C,23.00,29.00,33.00,0.00,28.00,33.00,41.00,0.00
PANTONE 473 C,2.00,12.00,20.00,0.00,2.00,9.00,20.00,0.00
PANTONE 4735 C,1.00,9.00,13.00,6.00,1.00,9.00,13.00,6.00
PANTONE 474 C,2.00,9.00,15.00,0.00,0.00,5.00,10.00,0.00
PANTONE 4745 C,1.00,5.00,7.00,4.00,1.00,5.00,7.00,4.00
PANTONE 475 C,2.00,7.00,12.00,0.00,1.00,5.00,10.00,0.00
PANTONE 4755 C,1.00,4.00,6.00,3.00,1.00,4.00,6.00,3.00
PANTONE 476 C,68.00,70.00,100.00,0.00,68.00,70.00,100.00,0.00
PANTONE 477 C,60.00,72.00,100.00,0.00,60.00,72.00,100.00,0.00
PANTONE 478 C,53.00,69.00,100.00,0.00,53.00,69.00,100.00,0.00
PANTONE 479 C,24.00,32.00,40.00,0.00,24.00,32.00,40.00,0.00
PANTONE 480 C,7.00,12.00,14.00,7.00,1.00,9.00,14.00,7.00
PANTONE 481 C,3.00,6.00,9.00,4.00,1.00,6.00,9.00,4.00
PANTONE 482 C,2.00,6.00,9.00,2.00,1.00,6.00,10.00,3.00
PANTONE 483 C,48.00,68.00,80.00,0.00,48.00,68.00,80.00,0.00
PANTONE 484 C,1.00,63.00,86.00,27.00,6.00,68.00,82.00,17.00
PANTONE 485 C,1.00,68.00,100.00,0.00,1.00,68.00,100.00,0.00
PANTONE 485 C 2X,0.00,90.00,79.00,0.00,0.00,90.00,79.00,0.00
PANTONE 486 C,3.00,25.00,28.00,0.00,3.00,25.00,28.00,0.00
PANTONE 487 C,1.00,19.00,17.00,0.00,1.00,16.00,17.00,0.00
PANTONE 488 C,3.00,17.00,17.00,0.00,1.00,9.00,10.00,0.00
PANTONE 489 C,5.00,16.00,17.00,1.00,0.00,6.00,8.00,1.00
PANTONE 490 C,50.00,90.00,72.00,0.00,50.00,90.00,72.00,0.00
PANTONE 491 C,35.00,65.00,58.00,0.00,35.00,62.00,62.00,0.00
PANTONE 492 C,30.00,65.00,58.00,0.00,30.00,62.00,62.00,0.00
PANTONE 493 C,6.00,26.00,10.00,0.00,6.00,26.00,10.00,0.00
PANTONE 494 C,3.00,17.00,7.00,0.00,3.00,17.00,7.00,0.00
PANTONE 495 C,1.00,18.00,3.00,0.00,1.30,7.00,3.00,0.00
PANTONE 496 C,2.00,10.00,3.00,0.00,1.00,6.00,3.00,0.00
PANTONE 497 C,54.00,68.00,88.00,15.00,54.00,68.00,88.00,15.00
PANTONE 4975 C,63.00,86.00,72.00,0.00,63.00,86.00,72.00,0.00
PANTONE 498 C,43.00,65.00,68.00,2.00,43.00,65.00,68.00,2.00
PANTONE 499 C,42.00,64.00,68.00,1.00,42.00,64.00,68.00,1.00
PANTONE 500 C,11.00,23.00,10.00,2.00,6.00,22.00,10.00,2.00
PANTONE 500 U,0.00,17.00,13.00,8.00,0.00,17.00,13.00,8.00
PANTONE 5005 C,7.00,25.00,10.00,15.00,6.00,26.00,18.50,8.00
PANTONE 501 C,7.00,17.00,7.00,0.00,5.00,14.00,7.00,0.00
PANTONE 5015 C,7.00,13.00,10.00,0.00,7.00,13.00,10.00,0.00
PANTONE 502 C,6.00,11.00,7.00,0.00,4.00,10.00,7.00,0.00
PANTONE 503 C,2.00,10.00,7.00,0.00,2.00,6.00,5.00,0.00
PANTONE 504 C,18.00,90.00,68.00,53.00,0.00,80.00,68.00,50.00
PANTONE 505 C,15.00,90.00,31.00,35.00,0.00,80.00,45.00,40.00
PANTONE 506 C,10.00,78.00,19.00,32.00,1.50,65.00,37.00,31.00
PANTONE 507 C,7.00,21.00,5.00,0.00,couleur non trouvée,couleur non trouvée,couleur non trouvée,couleur non trouvée
PANTONE 508 C,6.00,17.00,5.00,0.00,couleur non trouvée,couleur non trouvée,couleur non trouvée,couleur non trouvée
PANTONE 509 C,2.00,13.00,3.00,0.00,2.00,9.00,3.00,0.00
PANTONE 510 C,1.00,10.00,3.00,0.00,couleur non trouvée,couleur non trouvée,couleur non trouvée,couleur non trouvée
PANTONE 511 C,47.00,95.00,0.00,25.00,47.00,95.00,0.00,25.00
PANTONE 512 C,40.00,68.00,0.00,0.00,40.00,68.00,0.00,0.00
PANTONE 513 C,32.00,58.00,0.00,0.00,32.00,58.00,0.00,0.00
PANTONE 514 C,10.00,25.00,0.00,0.00,8.00,24.00,0.00,0.00
PANTONE 515 C,5.00,13.00,2.00,0.00,couleur non trouvée,couleur non trouvée,couleur non trouvée,couleur non trouvée
PANTONE 516 C,3.00,12.00,1.00,0.00,couleur non trouvée,couleur non trouvée,couleur non trouvée,couleur non trouvée
PANTONE 517 C,3.00,9.00,1.00,0.00,couleur non trouvée,couleur non trouvée,couleur non trouvée,couleur non trouvée
PANTONE 518 C,57.60,80.00,0.00,32.80,57.60,80.00,0.00,32.80
PANTONE 5185 C,76.00,88.00,60.00,0.00,76.00,88.00,60.00,0.00
PANTONE 519 C,55.00,80.00,0.00,10.00,55.00,80.00,0.00,10.00
PANTONE 5195 C,66.00,75.00,44.00,0.00,42.00,44.50,24.00,24.00
PANTONE 520 C,53.00,71.00,0.00,0.00,53.00,71.00,0.00,0.00
PANTONE 521 C,22.00,29.00,1.00,2.00,18.00,25.00,1.00,2.00
PANTONE 522 C,16.00,20.00,1.00,0.00,couleur non trouvée,couleur non trouvée,couleur non trouvée,couleur non trouvée
PANTONE 523 C,9.00,13.00,1.00,0.00,couleur non trouvée,couleur non trouvée,couleur non trouvée,couleur non trouvée
PANTONE 524 C,6.00,10.00,1.00,0.00,couleur non trouvée,couleur non trouvée,couleur non trouvée,couleur non trouvée
PANTONE 525 C,60.00,88.00,0.00,6.00,60.00,88.00,0.00,6.00
PANTONE 5255 C,80.00,70.00,40.00,30.00,80.00,70.00,40.00,30.00
PANTONE 526 C,53.00,63.00,0.00,0.00,49.00,63.00,0.00,0.00
PANTONE 526 U,34.00,36.00,0.00,10.00,34.00,36.00,0.00,10.00
PANTONE 5265 C,72.00,54.00,24.00,14.00,72.00,57.00,24.00,17.00
PANTONE 527 C,49.00,59.00,0.00,0.00,52.00,60.00,0.00,0.00
PANTONE 528 C,24.00,30.00,0.00,0.00,19.00,29.00,0.00,0.00
PANTONE 529 C,11.00,15.00,0.00,0.00,6.00,10.00,0.00,0.00
PANTONE 530 C,7.00,11.00,0.00,0.00,4.00,7.00,0.00,0.00
PANTONE 531 C,4.00,9.00,0.00,0.00,2.00,4.00,0.00,0.00
PANTONE 532 C,100.00,32.00,0.00,75.00,57.00,38.00,0.00,70.00
PANTONE 533 C,100.00,27.00,0.00,65.00,95.00,49.00,0.00,53.00
PANTONE 534 C,98.00,24.00,0.00,52.00,100.00,64.00,40.00,0.00
PANTONE 535 C,29.00,16.00,11.00,3.00,29.00,16.00,10.00,0.00
PANTONE 536 C,24.00,10.00,7.00,3.00,24.00,10.00,6.00,0.00
PANTONE 537 C,14.00,6.00,7.00,3.00,14.00,7.00,6.00,0.00
PANTONE 538 C,10.00,5.00,7.00,1.00,10.00,5.00,6.00,0.00
PANTONE 539 C,95.00,49.00,25.00,53.00,95.00,49.00,0.00,53.00
PANTONE 5395 C,80.00,36.90,15.00,58.00,80.00,36.90,0.00,55.40
PANTONE 540 C,96.00,40.00,30.00,0.00,96.00,40.00,30.00,0.00
PANTONE 540 U,66.00,41.00,30.00,0.00,66.00,41.00,30.00,0.00
PANTONE 5405 C,50.00,21.00,18.00,2.00,48.00,6.00,0.00,30.00
PANTONE 541 C,99.00,28.00,20.00,0.00,99.00,28.00,20.00,0.00
PANTONE 541 U,62.00,28.00,14.00,0.00,62.00,28.00,14.00,0.00
PANTONE 5415 C,46.00,21.00,18.00,0.00,52.00,22.00,18.00,0.00
PANTONE 5415 U,22.00,3.00,0.00,26.00,22.00,3.00,0.00,26.00
PANTONE 542 C,32.00,6.00,3.00,0.00,32.00,6.00,3.00,0.00
PANTONE 542 U,39.00,7.00,0.00,10.00,39.00,7.00,0.00,10.00
PANTONE 5425 C,32.00,11.00,10.00,5.00,36.00,12.00,10.00,0.00
PANTONE 543 C,20.00,3.00,4.00,0.00,27.00,4.00,3.00,0.00
PANTONE 5435 C,23.00,8.00,10.00,3.00,20.00,8.00,7.00,0.00
PANTONE 544 C,13.00,1.00,2.00,0.00,8.00,0.60,0.00,0.00
PANTONE 5445 C,14.00,5.00,7.00,3.00,couleur non trouvée,couleur non trouvée,couleur non trouvée,couleur non trouvée
PANTONE 545 C,12.00,3.00,5.00,0.00,8.00,2.00,2.00,0.00
PANTONE 5455 C,12.00,5.00,7.00,2.00,couleur non trouvée,couleur non trouvée,couleur non trouvée,couleur non trouvée
PANTONE 546 C,78.00,28.00,35.00,60.00,78.00,28.00,35.00,60.00
PANTONE 5463 C,100.00,54.00,60.00,0.00,100.00,54.00,60.00,0.00
PANTONE 547 C,100.00,36.00,50.00,15.00,100.00,36.00,50.00,15.00
PANTONE 5473 C,75.00,15.00,40.00,0.00,75.00,15.00,40.00,0.00
PANTONE 5477 C,59.25,1.50,40.50,51.00,couleur non trouvée,couleur non trouvée,couleur non trouvée,couleur non trouvée
PANTONE 548 C,100.00,36.00,50.00,10.00,100.00,36.00,50.00,10.00
PANTONE 5483 C,54.00,10.00,28.00,3.00,50.00,10.00,24.00,0.00
PANTONE 5487 C,54.00,30.00,42.00,0.00,60.00,30.00,42.00,0.00
PANTONE 549 C,45.00,8.00,10.00,8.00,46.00,8.00,10.00,0.00
PANTONE 5493 C,28.00,5.00,14.00,1.50,couleur non trouvée,couleur non trouvée,couleur non trouvée,couleur non trouvée
PANTONE 5497 C,26.00,12.00,21.00,5.00,32.00,12.00,20.00,0.00
PANTONE 550 C,22.00,3.00,5.00,7.00,22.00,3.00,4.00,0.00
PANTONE 5503 C,27.00,5.00,14.00,0.00,25.00,5.00,10.00,0.00
PANTONE 551 C,16.00,3.00,5.00,0.00,13.00,3.00,3.00,0.00
PANTONE 552 C,17.00,3.00,7.00,0.00,13.00,3.00,4.00,0.00
PANTONE 553 C,61.00,23.00,80.00,50.00,61.00,23.00,80.00,50.00
PANTONE 5535 C,79.00,2.00,54.00,68.00,80.00,0.00,48.00,41.60
PANTONE 554 C,88.00,28.00,100.00,0.00,88.00,28.00,100.00,0.00
PANTONE 5545 C,54.00,23.00,44.00,0.00,54.00,23.00,44.00,0.00
PANTONE 555 C,74.00,22.00,78.00,0.00,74.00,22.00,78.00,0.00
PANTONE 5555 C,56.00,20.00,48.00,0.00,56.00,20.00,44.00,0.00
PANTONE 556 C,38.00,10.00,32.00,2.00,38.00,10.00,30.00,0.00
PANTONE 557 C,26.00,5.00,24.00,2.00,26.00,5.00,22.00,0.00
PANTONE 5575 C,22.00,5.00,20.00,0.00,18.00,5.00,16.00,0.00
PANTONE 558 C,20.00,5.00,24.00,2.00,17.00,5.00,21.00,0.00
PANTONE 5585 C,15.00,3.00,13.00,0.00,12.00,3.00,8.00,0.00
PANTONE 559 C,17.00,5.00,22.00,1.00,couleur non trouvée,couleur non trouvée,couleur non trouvée,couleur non trouvée
PANTONE 560 C,85.00,46.00,80.00,0.00,85.00,46.00,80.00,0.00
PANTONE 561 C,80.00,12.00,60.00,0.00,74.00,5.00,60.00,0.00
PANTONE 5615 C,56.00,31.00,59.00,0.00,62.00,32.00,60.00,0.00
PANTONE 562 C,78.00,6.00,62.00,0.00,72.00,0.00,62.00,0.00
PANTONE 563 C,34.00,0.00,23.00,0.00,30.00,0.00,20.00,0.00
PANTONE 5635 C,26.00,12.00,23.00,0.00,26.00,12.00,20.00,0.00
PANTONE 564 C,22.00,0.00,18.00,0.00,17.50,0.00,10.50,0.00
PANTONE 567 C,80.00,36.00,80.00,0.00,80.00,36.00,80.00,0.00
PANTONE 568 C,73.00,10.00,60.00,0.00,73.00,10.00,60.00,0.00
PANTONE 570 C,26.00,0.00,17.00,0.00,23.00,0.00,10.00,0.00
PANTONE 571 C,11.00,0.00,7.00,0.00,11.00,0.00,7.00,0.00
PANTONE 574 C,61.00,38.00,91.00,0.00,66.00,38.00,80.00,0.00
PANTONE 5743 C,70.00,50.00,100.00,0.00,70.00,50.00,100.00,0.00
PANTONE 5747 C,72.00,50.00,100.00,0.00,72.00,50.00,100.00,0.00
PANTONE 575 C,32.00,16.00,71.00,0.00,38.00,16.00,60.00,0.00
PANTONE 5753 C,48.00,30.00,82.00,24.00,48.00,30.00,82.00,24.00
PANTONE 5757 C,43.00,26.00,82.00,0.00,43.00,26.00,82.00,0.00
PANTONE 576 C,35.00,12.00,90.00,0.00,37.00,8.00,72.00,0.00
PANTONE 5763 C,44.00,28.00,70.00,0.00,44.00,28.00,70.00,0.00
PANTONE 577 C,10.00,2.00,20.00,0.00,6.00,2.00,13.00,0.00
PANTONE 5773 C,2.00,0.00,43.00,22.00,29.00,16.00,38.00,0.00
PANTONE 5777 C,18.00,11.00,41.00,0.00,20.00,11.00,43.00,0.00
PANTONE 5777 U,20.00,10.00,31.00,0.00,20.00,10.00,31.00,0.00
PANTONE 578 C,13.00,3.00,27.00,0.00,8.00,3.00,23.00,0.00
PANTONE 5793 C,17.00,9.00,28.00,0.00,17.00,9.00,28.00,0.00
PANTONE 581 C,52.00,38.00,100.00,0.00,58.00,38.00,100.00,0.00
PANTONE 5815 C,14.00,2.00,76.00,48.00,0.00,2.00,73.00,44.00
PANTONE 582 C,34.00,20.00,100.00,0.00,34.00,20.00,100.00,0.00
PANTONE 5825 C,30.00,25.00,66.00,0.00,33.00,25.00,60.00,0.00
PANTONE 5825 U,27.00,20.00,45.00,0.00,27.00,20.00,45.00,0.00
PANTONE 583 C,11.00,0.00,87.00,6.00,7.00,0.00,86.00,6.00
PANTONE 5835 C,14.00,12.00,50.00,5.00,23.00,12.00,50.00,0.00
PANTONE 584 C,5.00,0.00,54.00,2.00,4.00,1.00,50.00,0.00
PANTONE 5845 C,10.00,10.00,45.00,5.00,21.00,13.00,55.00,0.00
PANTONE 585 C,5.00,0.00,42.00,0.00,3.00,1.00,38.00,0.00
PANTONE 5855 C,14.00,10.00,35.00,0.00,14.00,10.00,35.00,0.00
PANTONE 586 C,3.00,0.00,32.00,0.00,1.00,0.00,27.00,0.00
PANTONE 5865 C,10.00,7.00,29.00,0.00,10.00,7.00,29.00,0.00
PANTONE 587 C,2.00,0.00,30.00,0.00,1.00,1.00,30.00,0.00
PANTONE 600 C,0.00,0.00,27.00,0.00,0.00,1.00,27.00,0.00
PANTONE 601 C,0.00,0.00,31.00,0.00,0.00,1.00,31.00,0.00
PANTONE 602 C,0.00,0.00,34.00,1.00,0.00,0.90,29.00,0.00
PANTONE 603 C,2.00,1.00,50.00,1.00,1.00,1.00,50.00,0.00
PANTONE 604 C,2.00,0.00,100.00,0.00,2.00,0.00,100.00,0.00
PANTONE 605 C,5.00,4.00,78.00,0.00,5.00,4.00,78.00,0.00
PANTONE 606 C,11.00,8.00,100.00,0.00,11.00,8.00,100.00,0.00
PANTONE 607 C,1.00,0.00,27.00,0.00,1.00,1.00,22.00,0.00
PANTONE 608 C,1.00,0.00,33.00,0.00,1.00,1.00,26.00,0.00
PANTONE 609 C,1.00,0.00,38.00,3.00,1.00,1.00,32.00,0.00
PANTONE 610 C,5.00,4.00,58.00,0.00,5.00,4.00,58.00,0.00
PANTONE 611 C,6.00,4.00,68.00,0.00,6.00,4.00,68.00,0.00
PANTONE 612 C,11.00,8.00,80.00,0.00,11.00,8.00,80.00,0.00
PANTONE 613 C,20.00,14.00,100.00,0.00,20.00,14.00,100.00,0.00
PANTONE 614 C,2.00,1.00,14.00,4.00,0.50,1.00,10.00,2.00
PANTONE 615 C,2.00,1.00,15.00,5.00,0.50,1.50,10.00,2.00
PANTONE 616 C,2.00,1.00,16.00,6.00,0.50,1.50,10.00,3.00
PANTONE 617 C,10.00,8.00,50.00,3.00,10.00,8.00,50.00,3.00
PANTONE 618 C,21.00,15.00,100.00,1.00,20.00,14.00,100.00,0.00
PANTONE 619 C,26.00,20.00,100.00,1.00,26.00,20.00,100.00,0.00
PANTONE 624 C,38.00,10.00,31.00,0.00,36.00,10.00,30.00,0.00
PANTONE 625 C,54.00,15.00,41.00,0.00,50.00,15.00,40.00,0.00
PANTONE 626 C,74.00,27.00,70.00,0.00,74.00,27.00,70.00,0.00
PANTONE 628 C,14.00,0.00,7.00,0.00,couleur non trouvée,couleur non trouvée,couleur non trouvée,couleur non trouvée
PANTONE 629 C,19.00,0.00,8.00,0.00,14.00,0.00,3.00,0.00
PANTONE 630 C,24.00,0.00,9.00,0.00,19.00,0.00,3.00,0.00
PANTONE 631 C,47.00,0.00,13.00,0.00,44.00,0.00,8.00,0.00
PANTONE 633 C,82.00,0.00,22.00,1.00,couleur non trouvée,couleur non trouvée,couleur non trouvée,couleur non trouvée
PANTONE 633 U,69.00,10.00,22.00,0.00,69.00,10.00,22.00,0.00
PANTONE 635 C,21.00,0.00,10.00,0.00,couleur non trouvée,couleur non trouvée,couleur non trouvée,couleur non trouvée
PANTONE 636 C,26.00,0.00,8.00,0.00,25.00,0.00,3.00,0.00
PANTONE 637 C,37.00,0.00,9.00,0.00,32.00,0.00,3.50,0.00
PANTONE 638 C,50.00,0.00,11.00,0.00,46.00,0.00,5.50,0.00
PANTONE 639 C,61.00,0.00,12.00,0.00,56.00,0.00,8.00,0.00
PANTONE 640 C,72.00,0.00,16.00,0.00,71.00,0.00,14.00,0.00
PANTONE 641 C,98.00,0.00,31.00,0.00,94.00,0.00,26.00,0.00
PANTONE 644 C,18.00,2.00,3.00,7.00,14.00,2.00,0.00,4.00
PANTONE 644 U,14.00,2.00,0.00,5.00,14.00,2.00,0.00,5.00
PANTONE 645 C,29.00,4.00,3.00,9.00,28.00,4.00,0.00,6.00
PANTONE 646 C,59.00,12.00,5.00,10.00,59.00,18.00,10.00,0.00
PANTONE 647 C,74.00,28.00,12.00,0.00,74.00,28.00,12.00,0.00
PANTONE 648 C,90.00,42.00,0.00,34.00,90.00,42.00,0.00,34.00
PANTONE 648 U,75.00,46.00,30.00,0.00,75.00,46.00,30.00,0.00
PANTONE 649 C,4.00,0.00,1.00,2.00,3.00,1.50,1.00,0.00
PANTONE 650 C,8.00,0.00,1.00,2.00,6.00,2.00,1.00,0.00
PANTONE 651 C,17.00,5.00,2.00,3.00,15.00,5.00,2.00,0.00
PANTONE 652 C,28.00,8.00,2.00,7.00,28.00,8.00,2.00,3.00
PANTONE 653 C,70.00,28.00,8.00,8.00,70.00,28.00,8.00,8.00
PANTONE 654 C,90.00,43.00,0.00,24.00,90.00,43.00,0.00,24.00
PANTONE 655 C,85.00,50.00,0.00,30.00,85.00,50.00,0.00,30.00
PANTONE 656 C,4.00,0.00,0.00,0.00,2.50,0.50,0.00,0.50
PANTONE 657 C,8.00,1.00,0.00,1.00,5.00,1.00,0.00,0.00
PANTONE 658 C,18.00,3.00,0.00,1.00,15.00,3.00,0.00,0.00
PANTONE 659 C,37.00,8.00,0.00,1.00,35.00,8.00,0.00,0.00
PANTONE 659 U,26.00,5.00,0.00,0.00,26.00,5.00,0.00,0.00
PANTONE 660 C,74.00,11.00,0.00,1.00,69.00,13.00,0.00,0.00
PANTONE 661 C,81.00,27.00,0.00,2.50,80.00,18.50,0.00,2.50
PANTONE 662 C,100.00,45.00,10.00,0.00,100.00,45.00,10.00,0.00
PANTONE 666 C,29.00,22.00,5.00,5.00,30.00,25.00,10.00,0.00
PANTONE 667 C,41.00,33.00,10.00,0.00,41.00,33.00,10.00,0.00
PANTONE 669 C,80.00,78.00,0.00,8.00,80.00,78.00,0.00,8.00
PANTONE 675 C,23.00,89.00,0.00,0.00,couleur non trouvée,couleur non trouvée,couleur non trouvée,couleur non trouvée
PANTONE 695 C,22.00,43.00,30.00,0.00,22.00,43.00,30.00,0.00
PANTONE 701 C,0.00,28.00,12.00,3.00,0.00,28.00,12.00,3.00
PANTONE 704 C,18.00,76.00,77.00,1.00,18.00,76.00,77.00,1.00
PANTONE 706 C,0.00,6.00,1.00,0.00,0.00,3.00,1.00,0.00
PANTONE 710 C,4.00,70.00,28.00,0.00,couleur non trouvée,couleur non trouvée,couleur non trouvée,couleur non trouvée
PANTONE 711 C,3.00,84.00,100.00,0.00,3.00,84.00,100.00,0.00
PANTONE 715 C,0.00,29.00,68.00,0.00,0.00,24.00,68.00,0.00
PANTONE 716 C,0.00,33.00,86.00,1.00,0.00,28.00,86.00,1.00
PANTONE 717 C,3.00,39.00,89.00,0.00,3.00,34.00,83.00,0.00
PANTONE 720 C,1.00,13.00,23.00,6.00,0.00,6.00,23.00,2.00
PANTONE 722 C,12.00,30.00,80.00,1.00,12.00,30.00,80.00,1.00
PANTONE 723 C,5.00,35.00,89.00,15.00,2.00,35.00,89.00,10.00
PANTONE 730 C,28.00,42.00,100.00,0.00,28.00,37.00,100.00,0.00
PANTONE 731 C,42.00,62.00,100.00,0.00,42.00,49.00,100.00,0.00
PANTONE 732 C,44.00,70.00,100.00,20.00,3.00,47.00,80.00,42.00
PANTONE 7401 C,0.00,5.00,18.00,0.00,0.00,2.00,10.00,0.00
PANTONE 7403 C,0.00,6.00,30.00,1.00,0.00,4.00,30.00,1.00
PANTONE 7404 C,0.00,0.90,80.00,0.00,0.00,0.90,80.00,0.00
PANTONE 7405 C,0.00,3.00,90.00,1.00,0.00,3.00,90.00,1.00
PANTONE 7406 C,0.00,9.00,74.00,0.00,0.00,6.00,59.00,0.00
PANTONE 7406 U,2.00,6.50,82.00,0.00,2.00,6.50,82.00,0.00
PANTONE 7407 C,9.00,20.00,60.00,0.00,9.00,18.00,60.00,0.00
PANTONE 7408 C,2.00,6.00,96.00,0.00,2.00,6.00,96.00,0.00
PANTONE 7409 C,2.00,14.00,100.00,0.00,2.00,14.00,100.00,0.00
PANTONE 7411 C,0.00,18.00,41.00,5.00,0.00,16.00,41.00,3.00
PANTONE 7412 C,8.00,28.00,80.00,1.00,8.00,28.00,80.00,1.00
PANTONE 7413 C,7.00,36.00,100.00,0.00,7.00,36.00,100.00,0.00
PANTONE 7414 C,19.00,42.00,100.00,0.00,19.00,42.00,100.00,0.00
PANTONE 7416 C,0.00,46.00,45.00,0.00,0.00,46.00,45.00,0.00
PANTONE 7417 C,0.00,60.00,66.00,0.00,0.00,60.00,64.00,0.00
PANTONE 7421 C,0.00,80.00,69.00,42.00,0.00,80.00,69.00,42.00
PANTONE 7424 C,13.00,74.00,0.00,0.00,couleur non trouvée,couleur non trouvée,couleur non trouvée,couleur non trouvée
PANTONE 7425 C,13.50,67.00,22.50,0.00,couleur non trouvée,couleur non trouvée,couleur non trouvée,couleur non trouvée
PANTONE 7426 C,18.00,89.00,30.00,0.00,couleur non trouvée,couleur non trouvée,couleur non trouvée,couleur non trouvée
PANTONE 7427 C,3.00,80.00,62.00,26.00,0.00,80.00,62.00,23.00
PANTONE 7433 C,19.00,87.00,6.00,3.00,couleur non trouvée,couleur non trouvée,couleur non trouvée,couleur non trouvée
PANTONE 7443 C,8.00,5.00,0.00,0.00,couleur non trouvée,couleur non trouvée,couleur non trouvée,couleur non trouvée
PANTONE 7444 C,10.00,5.50,0.50,0.00,10.00,5.50,0.50,0.00
PANTONE 7447 C,66.00,51.00,20.00,0.00,66.00,51.00,20.00,0.00
PANTONE 7449 C,55.00,90.00,25.00,50.00,55.00,90.00,25.00,50.00
PANTONE 7455 C,68.00,24.00,0.00,0.00,68.00,24.00,0.00,0.00
PANTONE 7456 C,52.00,24.00,0.00,0.00,52.00,24.00,0.00,0.00
PANTONE 7457 C,12.00,0.00,7.00,0.00,6.00,0.00,1.50,0.00
PANTONE 7458 C,34.00,2.00,8.00,4.00,34.00,2.00,4.00,4.00
PANTONE 7459 C,50.00,4.00,12.00,4.00,50.00,4.00,8.00,2.00
PANTONE 7461 C,60.00,4.00,7.00,0.00,60.00,4.00,5.00,0.00
PANTONE 7462 C,75.00,24.00,15.00,0.00,77.00,24.00,13.00,0.00
PANTONE 7463 C,100.00,48.00,22.00,40.00,100.00,48.00,22.00,40.00
PANTONE 7466 C,55.00,0.00,19.00,0.00,60.00,0.00,16.00,0.00
PANTONE 7467 C,60.00,0.00,21.00,0.00,46.00,0.00,16.00,0.00
PANTONE 7468 C,79.00,0.00,22.00,0.00,76.00,0.00,16.00,0.00
PANTONE 7469 C,96.00,13.00,30.00,0.00,96.00,13.00,30.00,0.00
PANTONE 7470 C,96.00,24.00,44.00,0.00,96.00,24.00,40.00,0.00
PANTONE 7471 C,23.00,0.00,14.00,0.00,19.00,0.00,8.00,0.00
PANTONE 7472 C,37.00,0.00,18.00,0.00,36.00,0.00,12.00,0.00
PANTONE 7473 C,54.00,2.00,34.00,0.00,54.00,2.00,30.00,0.00
PANTONE 7474 C,74.00,0.00,34.00,0.00,74.00,0.00,34.00,0.00
PANTONE 7475 C,66.00,22.00,40.00,0.00,66.00,22.00,40.00,0.00
PANTONE 7476 C,90.00,0.00,50.00,17.00,100.00,0.00,50.00,17.00
PANTONE 7477 C,85.00,0.00,40.00,35.00,95.00,0.00,40.00,30.00
PANTONE 7480 C,41.00,0.00,40.00,0.00,38.00,0.00,40.00,0.00
PANTONE 7482 C,57.00,0.00,64.00,0.00,57.00,0.00,60.00,0.00
PANTONE 7483 C,76.00,17.00,100.00,3.00,76.00,17.00,100.00,1.00
PANTONE 7485 C,9.00,0.00,26.00,0.00,2.00,0.00,11.00,1.00
PANTONE 7486 C,17.00,0.00,38.00,0.00,couleur non trouvée,couleur non trouvée,couleur non trouvée,couleur non trouvée
PANTONE 7487 C,20.00,0.00,49.00,0.00,16.00,0.00,44.00,0.00
PANTONE 7488 C,24.00,0.00,59.00,0.00,couleur non trouvée,couleur non trouvée,couleur non trouvée,couleur non trouvée
PANTONE 7489 C,36.00,4.00,76.00,0.00,36.00,4.00,66.00,0.00
PANTONE 7491 C,38.00,20.00,83.00,0.00,40.00,20.00,78.00,0.00
PANTONE 7492 C,10.00,3.00,36.00,0.00,9.00,3.00,28.00,0.00
PANTONE 7494 C,17.00,6.00,22.00,4.00,18.00,6.00,22.00,0.00
PANTONE 7495 C,28.00,16.00,100.00,0.00,34.00,16.00,100.00,0.00
PANTONE 7496 C,39.50,16.00,100.00,0.00,39.50,16.00,100.00,0.00
PANTONE 7497 C,44.00,37.00,65.00,2.00,44.00,37.00,65.00,2.00
PANTONE 7498 C,56.00,37.00,100.00,0.00,56.00,37.00,100.00,0.00
PANTONE 7499 C,2.00,3.00,17.00,1.00,0.60,1.80,10.00,0.00
PANTONE 7500 C,2.00,3.00,15.00,2.00,2.50,3.00,10.00,0.10
PANTONE 7501 C,2.00,5.00,20.00,1.00,2.00,5.00,20.00,1.00
PANTONE 7502 C,7.00,11.00,25.00,0.00,7.00,9.50,25.00,0.00
PANTONE 7503 C,20.00,21.00,44.00,0.00,24.00,20.00,42.00,0.00
PANTONE 7504 C,30.00,35.00,46.00,0.00,30.00,35.00,46.00,0.00
PANTONE 7506 C,2.00,5.00,14.00,0.00,1.00,3.50,10.00,0.00
PANTONE 7508 C,0.00,13.00,35.00,3.50,0.00,9.50,35.00,3.50
PANTONE 7510 C,11.00,30.00,60.00,0.00,11.00,30.00,60.00,0.00
PANTONE 7515 C,11.00,22.00,33.00,0.00,11.00,22.00,33.00,0.00
PANTONE 7518 C,48.00,59.00,70.00,0.00,64.00,68.00,80.00,0.00
PANTONE 7519 C,63.00,58.00,76.00,0.00,couleur non trouvée,couleur non trouvée,couleur non trouvée,couleur non trouvée
PANTONE 7527 C,2.00,1.00,11.00,7.00,4.50,4.00,10.00,1.00
PANTONE 7529 C,3.00,6.00,13.00,15.00,couleur non trouvée,couleur non trouvée,couleur non trouvée,couleur non trouvée
PANTONE 7530 C,5.00,7.00,14.00,17.00,0.00,5.00,12.00,12.00
PANTONE 7531 C,13.00,24.00,46.00,31.00,8.00,22.00,50.00,30.00
PANTONE 7532 C,25.00,30.00,52.00,38.00,20.00,30.00,54.00,38.00
PANTONE 7533 C,65.00,60.00,78.00,0.00,65.00,60.00,78.00,0.00
PANTONE 7539 C,8.00,0.00,15.00,32.00,27.00,16.00,20.00,0.00
PANTONE 7540 C,38.00,20.00,20.00,45.00,8.00,0.00,5.00,58.00
PANTONE 7541 C,5.00,0.00,5.00,2.00,0.70,0.00,0.40,1.00
PANTONE 7543 C,9.00,0.00,5.00,18.00,6.00,1.00,1.00,8.00
PANTONE 7544 C,14.00,0.00,5.00,28.00,15.00,0.00,0.00,22.00
PANTONE 7545 C,58.00,17.00,0.00,50.00,64.00,0.80,0.60,52.00
PANTONE 7546 C,90.00,4.00,6.00,62.00,90.00,4.00,6.00,55.00
PANTONE 7547 C,90.00,56.00,60.00,30.00,85.00,56.00,60.00,0.00
PANTONE 7548 C,0.00,8.00,87.00,0.00,0.00,4.00,87.00,0.00
PANTONE 7549 C,0.00,12.00,93.00,0.00,0.00,6.50,89.50,0.00
PANTONE 7550 C,13.00,25.00,100.00,1.00,couleur non trouvée,couleur non trouvée,couleur non trouvée,couleur non trouvée
PANTONE 7551 C,15.00,25.00,100.00,7.00,11.00,25.00,100.00,6.00
PANTONE 7556 C,20.00,28.00,100.00,0.00,couleur non trouvée,couleur non trouvée,couleur non trouvée,couleur non trouvée
PANTONE 7557 C,31.00,34.00,100.00,0.00,couleur non trouvée,couleur non trouvée,couleur non trouvée,couleur non trouvée
PANTONE 7558 C,2.00,19.00,92.00,27.00,couleur non trouvée,couleur non trouvée,couleur non trouvée,couleur non trouvée
PANTONE 7564 C,3.00,28.00,93.00,9.00,couleur non trouvée,couleur non trouvée,couleur non trouvée,couleur non trouvée
PANTONE 7571 C,5.00,30.00,90.00,10.00,2.00,30.00,90.00,7.00
PANTONE 7575 C,38.00,46.00,100.00,3.00,38.00,46.00,100.00,3.00
PANTONE 7584 C,1.00,40.00,98.00,17.00,couleur non trouvée,couleur non trouvée,couleur non trouvée,couleur non trouvée
PANTONE 7597 C,7.00,50.00,75.00,0.00,7.00,50.00,75.00,0.00
PANTONE 7619 C,7.00,59.00,75.00,5.00,5.00,59.00,72.00,5.00
PANTONE 7621 C,5.00,61.00,55.00,15.00,0.00,61.00,54.00,15.00
PANTONE 7622 C,5.00,68.00,54.00,24.00,0.00,68.00,54.00,24.00
PANTONE 7623 C,8.00,80.00,75.00,28.00,couleur non trouvée,couleur non trouvée,couleur non trouvée,couleur non trouvée
PANTONE 7625 C,5.00,51.00,65.00,1.00,couleur non trouvée,couleur non trouvée,couleur non trouvée,couleur non trouvée
PANTONE 7626 C,5.00,88.00,37.00,12.00,couleur non trouvée,couleur non trouvée,couleur non trouvée,couleur non trouvée
PANTONE 7638 C,0.00,85.00,35.00,39.00,couleur non trouvée,couleur non trouvée,couleur non trouvée,couleur non trouvée
PANTONE 7656 C,40.00,79.00,0.00,0.00,40.00,79.00,0.00,0.00
PANTONE 7676 C,44.00,37.00,3.00,0.00,44.00,37.00,3.00,0.00
PANTONE 7682 C,40.00,13.50,0.00,7.00,couleur non trouvée,couleur non trouvée,couleur non trouvée,couleur non trouvée
PANTONE 7683 C,62.00,25.00,0.00,6.00,62.00,25.00,0.00,6.00
PANTONE 7684 C,71.00,34.00,5.00,0.00,71.00,34.00,5.00,0.00
PANTONE 7685 C,78.00,40.00,10.00,0.00,78.00,40.00,10.00,0.00
PANTONE 7686 C,96.00,30.00,5.00,5.00,96.00,30.00,5.00,5.00
PANTONE 7687 C,98.00,49.00,5.00,5.00,98.00,49.00,5.00,5.00
PANTONE 7688 C,49.00,4.00,4.00,2.00,52.00,4.00,3.00,0.00
PANTONE 7689 C,57.00,4.00,4.00,2.00,60.00,4.00,3.00,0.00
PANTONE 7691 C,75.00,26.00,14.00,0.00,75.00,26.00,14.00,0.00
PANTONE 7693 C,91.00,37.00,20.00,10.00,91.00,37.00,20.00,10.00
PANTONE 7694 C,99.00,41.00,25.00,25.00,couleur non trouvée,couleur non trouvée,couleur non trouvée,couleur non trouvée
PANTONE 7698 C,50.00,21.00,18.00,2.00,couleur non trouvée,couleur non trouvée,couleur non trouvée,couleur non trouvée
PANTONE 7700 C,84.00,34.00,37.00,0.00,84.00,34.00,37.00,0.00
PANTONE 7701 C,96.00,24.00,34.00,0.00,96.00,24.00,34.00,0.00
PANTONE 7704 C,70.00,0.00,20.00,0.00,70.00,0.00,20.00,0.00
PANTONE 7707 C,92.00,0.00,23.00,21.00,couleur non trouvée,couleur non trouvée,couleur non trouvée,couleur non trouvée
PANTONE 7724 C,59.00,0.00,44.00,0.00,60.00,0.00,47.00,0.00
PANTONE 7731 C,75.00,0.00,100.00,0.00,couleur non trouvée,couleur non trouvée,couleur non trouvée,couleur non trouvée
PANTONE 7737 C,36.00,0.00,82.00,0.00,36.00,0.00,82.00,0.00
PANTONE 7738 C,42.00,0.00,68.00,0.00,46.50,0.00,63.00,0.00
PANTONE 7739 C,47.00,0.00,80.00,0.00,couleur non trouvée,couleur non trouvée,couleur non trouvée,couleur non trouvée
PANTONE 7740 C,55.00,0.00,100.00,2.00,couleur non trouvée,couleur non trouvée,couleur non trouvée,couleur non trouvée
PANTONE 7741 C,55.00,0.00,100.00,20.00,couleur non trouvée,couleur non trouvée,couleur non trouvée,couleur non trouvée
PANTONE 7742 C,56.00,0.00,100.00,27.00,couleur non trouvée,couleur non trouvée,couleur non trouvée,couleur non trouvée
PANTONE 7743 C,57.00,0.00,100.00,35.00,couleur non trouvée,couleur non trouvée,couleur non trouvée,couleur non trouvée
PANTONE 7755 C,38.00,33.00,100.00,1.00,38.00,33.00,100.00,1.00
PANTONE 7763 C,59.00,37.00,100.00,4.00,59.00,37.00,100.00,4.00
PANTONE 8004 C,42.00,34.00,40.00,0.00,42.00,34.00,40.00,0.00
PANTONE 803 C,0.00,0.00,100.00,0.00,0.00,0.00,100.00,0.00
PANTONE 8201 C,36.00,11.00,14.00,3.00,36.00,11.00,11.00,0.00
PANTONE 8640 C,3.00,30.00,90.00,30.00,1.00,33.00,89.00,24.00
PANTONE 871 C,26.00,26.00,60.00,0.00,26.00,26.00,60.00,0.00
PANTONE 872 C,26.00,26.00,58.00,0.00,26.00,26.00,58.00,0.00
PANTONE 873 C,26.00,32.00,56.00,0.00,26.00,32.00,56.00,0.00
PANTONE 874 C,36.00,40.00,80.00,0.00,36.00,40.00,80.00,0.00
PANTONE 876 C,32.00,45.00,80.00,0.00,32.00,45.00,80.00,0.00
PANTONE 877 C,3.00,1.00,1.00,15.00,3.00,1.00,1.00,15.00
PANTONE Black 2 C,76.00,68.00,100.00,0.00,76.00,68.00,100.00,0.00
PANTONE Black 3 C,44.00,0.00,10.00,92.00,0.00,0.00,0.00,94.00
PANTONE Black 4 C,0.00,30.00,80.00,73.00,0.00,40.00,80.00,73.00
PANTONE Black 5 C,68.00,68.00,70.00,0.00,68.00,68.00,70.00,0.00
PANTONE Black 6 C,72.00,0.00,30.00,87.00,72.00,0.00,30.00,87.00
PANTONE Black 7 C,30.00,6.00,18.00,52.00,7.00,7.00,18.00,48.00
PANTONE Black C,44.00,0.00,7.00,91.00,0.00,0.00,0.00,88.00
PANTONE Blue 072 C,100.00,50.00,0.00,0.00,100.00,50.00,0.00,0.00
PANTONE Blue 0821 C,33.00,0.00,7.00,0.00,28.00,0.00,3.00,0.00
PANTONE Cool Gray 1 C,1.00,0.00,4.00,3.00,5.00,3.00,4.00,0.00
PANTONE Cool Gray 10 C,14.00,0.00,10.00,38.00,1.00,0.00,1.00,38.00
PANTONE Cool Gray 10 U,19.00,7.00,7.00,29.00,19.00,7.00,7.00,29.00
PANTONE Cool Gray 11 C,18.00,0.00,10.00,46.00,46.50,31.00,35.00,17.00
PANTONE Cool Gray 2 C,1.00,0.00,4.00,5.00,1.00,0.00,1.00,2.00
PANTONE Cool Gray 3 C,2.00,0.00,5.00,6.00,1.00,0.00,1.00,4.00
PANTONE Cool Gray 4 C,2.00,0.00,5.00,11.00,1.00,0.00,1.00,6.00
PANTONE Cool Gray 4 U,8.00,4.00,6.00,3.00,8.00,4.00,6.00,3.00
PANTONE Cool Gray 5 C,3.00,0.00,5.00,15.00,0.50,0.00,2.50,9.00
PANTONE Cool Gray 6 C,4.00,0.00,5.00,16.00,1.00,0.00,1.00,11.00
PANTONE Cool Gray 7 C,5.00,0.00,5.00,20.00,2.00,1.20,2.70,21.00
PANTONE Cool Gray 8 C,6.00,0.00,7.00,24.00,1.00,0.00,1.00,20.00
PANTONE Cool Gray 9 C,10.00,0.00,10.00,32.00,2.00,3.00,6.00,29.00
PANTONE Green C,49.00,0.00,31.00,0.00,48.00,0.00,30.00,0.00
PANTONE Green M,59.00,0.00,41.00,0.00,56.00,0.00,40.00,0.00
PANTONE Hexachrome Green C,44.00,0.00,56.00,0.00,44.00,0.00,54.00,0.00
PANTONE Hexachrome Magenta C,0.00,69.00,0.00,0.00,0.00,69.00,0.00,0.00
PANTONE Hexachrome Yellow C,0.00,0.50,100.00,0.00,0.00,0.50,100.00,0.00
PANTONE Neutral Black C,0.00,0.00,0.00,94.00,0.00,0.00,0.00,94.00
PANTONE Orange 021 C,0.00,44.00,89.00,0.00,0.00,44.00,89.00,0.00
PANTONE Pink C,17.00,61.00,0.00,0.00,12.00,60.00,0.00,0.00
PANTONE Process Blue C,90.00,0.00,12.50,0.00,79.00,0.00,8.00,0.00
PANTONE Process Cyan C,68.00,0.00,8.00,0.00,68.00,0.00,8.00,0.00
PANTONE Process Cyan U,66.00,0.00,4.80,0.00,66.00,0.00,4.80,0.00
PANTONE Process Magenta C,7.00,68.00,0.00,2.00,4.00,68.00,0.00,0.00
PANTONE Process Majenta C,7.00,68.00,0.00,2.00,couleur non trouvée,couleur non trouvée,couleur non trouvée,couleur non trouvée
PANTONE Purple C,33.00,49.00,0.00,0.00,28.00,46.00,0.00,0.00
PANTONE Red 032 C,1.00,64.00,60.00,0.00,1.00,64.00,60.00,0.00
PANTONE Red 032 M,0.00,90.00,86.00,0.00,0.00,90.00,86.00,0.00
PANTONE Red 032 U,0.00,49.50,38.00,0.00,0.00,49.50,38.00,0.00
PANTONE Reflex Blue C,100.00,46.00,0.00,0.00,100.00,44.00,0.00,0.00
PANTONE Reflex blue C,100.00,46.00,0.00,0.00,couleur non trouvée,couleur non trouvée,couleur non trouvée,couleur non trouvée
PANTONE Rhodamine Red C,4.00,52.00,0.00,0.00,4.00,52.00,0.00,0.00
PANTONE Rubine Red C,0.00,90.00,13.00,3.00,0.00,90.00,13.00,3.00
PANTONE Violet C,85.00,70.00,0.00,0.00,85.00,70.00,0.00,0.00
PANTONE Warm Gray 1 C,1.00,1.00,7.00,6.00,1.00,1.00,3.00,3.00
PANTONE Warm Gray 10 C,3.00,1.00,17.00,38.00,1.00,8.00,22.00,30.00
PANTONE Warm Gray 11 C,3.00,1.00,19.00,40.00,1.00,9.50,23.00,32.50
PANTONE Warm Gray 2 C,1.00,1.00,7.00,10.00,1.00,1.00,3.00,4.00
PANTONE Warm Gray 3 C,1.00,1.00,8.00,13.00,0.00,2.00,4.00,6.00
PANTONE Warm Gray 4 C,1.00,1.00,9.00,15.00,0.00,2.00,4.00,8.00
PANTONE Warm Gray 5 C,1.00,1.00,9.00,19.00,0.00,3.00,9.00,13.00
PANTONE Warm Gray 6 C,1.00,1.00,10.00,21.00,0.00,2.00,6.50,12.00
PANTONE Warm Gray 7 C,3.00,1.00,12.00,25.00,1.00,4.00,12.00,21.00
PANTONE Warm Gray 8 C,3.00,1.00,12.00,30.00,0.00,5.00,12.00,23.00
PANTONE Warm Gray 9 C,3.00,1.00,14.00,32.00,0.00,5.50,12.00,25.00
PANTONE Warm Red C,0.00,55.00,71.00,0.00,0.00,55.00,71.00,0.00
PANTONE Yellow 012 C,0.00,0.00,100.00,0.00,0.00,0.00,100.00,0.00
PANTONE Yellow 12 C,0.00,0.00,100.00,0.00,couleur non trouvée,couleur non trouvée,couleur non trouvée,couleur non trouvée
PANTONE Yellow C,0.00,0.00,89.00,0.00,0.00,0.00,89.00,0.00
PNK,2.50,8.00,8.00,0.50,couleur non trouvée,couleur non trouvée,couleur non trouvée,couleur non trouvée
Vert marge securite,50.00,0.00,0.00,0.00,50.00,0.00,0.00,0.00
001 Rouge uni airdry,couleur non trouvée,couleur non trouvée,couleur non trouvée,couleur non trouvée,2.00,89.00,38.00,3.00
026 Orange fluo,couleur non trouvée,couleur non trouvée,couleur non trouvée,couleur non trouvée,0.00,34.00,84.00,0.00
034 LG Eclipse,couleur non trouvée,couleur non trouvée,couleur non trouvée,couleur non trouvée,95.00,65.00,0.00,53.00
044 Cyan process,couleur non trouvée,couleur non trouvée,couleur non trouvée,couleur non trouvée,66.00,0.00,4.80,0.00
046 Yellow process,couleur non trouvée,couleur non trouvée,couleur non trouvée,couleur non trouvée,0.00,0.00,83.00,0.00
049 Gris souris,couleur non trouvée,couleur non trouvée,couleur non trouvée,couleur non trouvée,2.00,1.50,0.00,13.00
062 Rust,couleur non trouvée,couleur non trouvée,couleur non trouvée,couleur non trouvée,48.00,49.00,76.00,0.00
077 Or vert,couleur non trouvée,couleur non trouvée,couleur non trouvée,couleur non trouvée,31.50,34.00,73.00,0.00
100 Pms 541c,couleur non trouvée,couleur non trouvée,couleur non trouvée,couleur non trouvée,62.00,28.00,14.00,0.00
110 Ultra ffbleu,couleur non trouvée,couleur non trouvée,couleur non trouvée,couleur non trouvée,100.00,70.00,0.00,5.00
142 Bambu,couleur non trouvée,couleur non trouvée,couleur non trouvée,couleur non trouvée,4.50,1.00,12.00,0.00
149 Eams orange,couleur non trouvée,couleur non trouvée,couleur non trouvée,couleur non trouvée,17.00,63.00,78.00,0.00
151 Cocquille d oeuf,couleur non trouvée,couleur non trouvée,couleur non trouvée,couleur non trouvée,0.00,1.70,8.00,0.00
153 Pervenche,couleur non trouvée,couleur non trouvée,couleur non trouvée,couleur non trouvée,54.00,23.50,0.00,0.00
155 Lavande,couleur non trouvée,couleur non trouvée,couleur non trouvée,couleur non trouvée,39.00,23.00,4.00,0.00
162 Eucalyptus,couleur non trouvée,couleur non trouvée,couleur non trouvée,couleur non trouvée,0.00,0.00,24.00,11.00
179 Rose gomme,couleur non trouvée,couleur non trouvée,couleur non trouvée,couleur non trouvée,0.00,11.00,1.90,0.00
191 Coquille d oeuf,couleur non trouvée,couleur non trouvée,couleur non trouvée,couleur non trouvée,0.00,1.70,8.00,0.00
191 Givre,couleur non trouvée,couleur non trouvée,couleur non trouvée,couleur non trouvée,0.00,0.00,6.00,10.20
199 Cafe late,couleur non trouvée,couleur non trouvée,couleur non trouvée,couleur non trouvée,1.00,6.00,19.00,14.80
243_LG_Cricket,couleur non trouvée,couleur non trouvée,couleur non trouvée,couleur non trouvée,82.00,0.00,44.00,0.00
263 LG Mousse d'hiver,couleur non trouvée,couleur non trouvée,couleur non trouvée,couleur non trouvée,0.00,2.00,71.00,47.00
348 LG Nuit d olive,couleur non trouvée,couleur non trouvée,couleur non trouvée,couleur non trouvée,67.00,54.00,80.00,1.00
375 LG Étoile bleue,couleur non trouvée,couleur non trouvée,couleur non trouvée,couleur non trouvée,12.00,3.00,4.00,0.00
610 Rose sorbet,couleur non trouvée,couleur non trouvée,couleur non trouvée,couleur non trouvée,6.00,62.00,12.00,0.00
611 Blue atoll,couleur non trouvée,couleur non trouvée,couleur non trouvée,couleur non trouvée,44.00,0.00,7.00,0.00
613 India ink,couleur non trouvée,couleur non trouvée,couleur non trouvée,couleur non trouvée,10.00,5.00,10.00,70.00
643 Vert fluo Ap Digi,couleur non trouvée,couleur non trouvée,couleur non trouvée,couleur non trouvée,20.00,0.00,54.00,0.00
650 Vert usa,couleur non trouvée,couleur non trouvée,couleur non trouvée,couleur non trouvée,29.00,16.00,50.00,0.00
653 Truffe,couleur non trouvée,couleur non trouvée,couleur non trouvée,couleur non trouvée,0.00,34.00,52.00,57.00
655 Moisson,couleur non trouvée,couleur non trouvée,couleur non trouvée,couleur non trouvée,3.50,6.00,33.00,0.00
673 Grège,couleur non trouvée,couleur non trouvée,couleur non trouvée,couleur non trouvée,1.00,3.00,6.00,4.00
764 Violette Africaine,couleur non trouvée,couleur non trouvée,couleur non trouvée,couleur non trouvée,12.00,20.00,0.00,0.00
765 Wild Lime,couleur non trouvée,couleur non trouvée,couleur non trouvée,couleur non trouvée,3.00,0.00,41.00,0.00
788 Safety pink,couleur non trouvée,couleur non trouvée,couleur non trouvée,couleur non trouvée,0.00,38.00,22.00,0.00
BEIGE,couleur non trouvée,couleur non trouvée,couleur non trouvée,couleur non trouvée,9.00,11.00,16.00,0.00
C=28 M=40 Y=100 K=0,couleur non trouvée,couleur non trouvée,couleur non trouvée,couleur non trouvée,28.00,40.00,100.00,0.00
Cyber Yellow 14-0760,couleur non trouvée,couleur non trouvée,couleur non trouvée,couleur non trouvée,0.00,2.00,92.00,0.00
Doré,couleur non trouvée,couleur non trouvée,couleur non trouvée,couleur non trouvée,11.00,18.00,53.00,0.00
Fiery Red 18-1664,couleur non trouvée,couleur non trouvée,couleur non trouvée,couleur non trouvée,0.00,89.00,86.00,0.00
G2 LEZARD BRAS,couleur non trouvée,couleur non trouvée,couleur non trouvée,couleur non trouvée,68.00,16.00,80.00,0.00
G2 LEZARD FONCE,couleur non trouvée,couleur non trouvée,couleur non trouvée,couleur non trouvée,84.00,48.00,100.00,0.00
G2 LEZARD GRIS,couleur non trouvée,couleur non trouvée,couleur non trouvée,couleur non trouvée,64.00,36.00,50.00,0.00
G2 LEZARD TETE,couleur non trouvée,couleur non trouvée,couleur non trouvée,couleur non trouvée,40.00,0.00,60.00,0.00
G2 VERT FONCE,couleur non trouvée,couleur non trouvée,couleur non trouvée,couleur non trouvée,72.00,4.00,100.00,0.00
G2 VERT PALE,couleur non trouvée,couleur non trouvée,couleur non trouvée,couleur non trouvée,28.00,0.00,50.00,0.00
Green Flash 15-0146,couleur non trouvée,couleur non trouvée,couleur non trouvée,couleur non trouvée,23.00,0.00,69.00,0.00
Gris Rideforkaren,couleur non trouvée,couleur non trouvée,couleur non trouvée,couleur non trouvée,54.50,30.50,33.00,0.00
NATUREL,couleur non trouvée,couleur non trouvée,couleur non trouvée,couleur non trouvée,3.00,3.50,7.00,1.30
PANTONE  Magenta Process C,couleur non trouvée,couleur non trouvée,couleur non trouvée,couleur non trouvée,4.00,68.00,0.00,0.00
PANTONE 1805 U 1,couleur non trouvée,couleur non trouvée,couleur non trouvée,couleur non trouvée,0.00,48.00,52.00,16.00
PANTONE 189C,couleur non trouvée,couleur non trouvée,couleur non trouvée,couleur non trouvée,0.00,20.00,3.00,0.00
PANTONE 2705 C,couleur non trouvée,couleur non trouvée,couleur non trouvée,couleur non trouvée,25.50,12.00,0.00,0.00
PANTONE 274C,couleur non trouvée,couleur non trouvée,couleur non trouvée,couleur non trouvée,80.00,66.80,6.40,1.80
PANTONE 3298C,couleur non trouvée,couleur non trouvée,couleur non trouvée,couleur non trouvée,80.00,0.00,71.00,0.00
PANTONE 505C,couleur non trouvée,couleur non trouvée,couleur non trouvée,couleur non trouvée,0.00,80.00,45.00,40.00
PANTONE 5205 C,couleur non trouvée,couleur non trouvée,couleur non trouvée,couleur non trouvée,40.00,40.20,24.00,11.00
PANTONE 661C,couleur non trouvée,couleur non trouvée,couleur non trouvée,couleur non trouvée,80.00,18.50,0.00,2.50
PANTONE 667C,couleur non trouvée,couleur non trouvée,couleur non trouvée,couleur non trouvée,41.00,33.00,10.00,0.00
PANTONE 7433C,couleur non trouvée,couleur non trouvée,couleur non trouvée,couleur non trouvée,8.80,80.00,6.40,3.20
PANTONE 7447C,couleur non trouvée,couleur non trouvée,couleur non trouvée,couleur non trouvée,66.00,51.00,20.00,0.00
PANTONE 7467C/06-11-2012,couleur non trouvée,couleur non trouvée,couleur non trouvée,couleur non trouvée,66.00,0.00,16.00,0.00
PANTONE hexachrome MG,couleur non trouvée,couleur non trouvée,couleur non trouvée,couleur non trouvée,0.00,69.00,0.00,0.00
Purple,couleur non trouvée,couleur non trouvée,couleur non trouvée,couleur non trouvée,28.00,44.00,0.00,0.00
Rose LG,couleur non trouvée,couleur non trouvée,couleur non trouvée,couleur non trouvée,1.00,69.00,0.00,0.00
Rose TDF,couleur non trouvée,couleur non trouvée,couleur non trouvée,couleur non trouvée,0.00,18.00,0.00,0.00
Rose fraise,couleur non trouvée,couleur non trouvée,couleur non trouvée,couleur non trouvée,10.00,44.00,1.60,0.00
Rose rocheuse,couleur non trouvée,couleur non trouvée,couleur non trouvée,couleur non trouvée,1.50,14.00,2.00,3.00
Rouge grenade,couleur non trouvée,couleur non trouvée,couleur non trouvée,couleur non trouvée,0.00,86.00,48.00,23.50
Rouge special,couleur non trouvée,couleur non trouvée,couleur non trouvée,couleur non trouvée,2.00,95.00,70.00,0.00
Saumon,couleur non trouvée,couleur non trouvée,couleur non trouvée,couleur non trouvée,0.00,28.50,18.00,0.00
Super violet,couleur non trouvée,couleur non trouvée,couleur non trouvée,couleur non trouvée,78.00,50.00,0.00,0.00
Suède,couleur non trouvée,couleur non trouvée,couleur non trouvée,couleur non trouvée,42.00,45.00,72.00,0.00
Taupe,couleur non trouvée,couleur non trouvée,couleur non trouvée,couleur non trouvée,4.00,10.00,25.00,29.00
Toundra,couleur non trouvée,couleur non trouvée,couleur non trouvée,couleur non trouvée,10.00,0.00,36.00,18.50
Vert de gris,couleur non trouvée,couleur non trouvée,couleur non trouvée,couleur non trouvée,36.00,0.00,38.00,45.00
Vert pâle,couleur non trouvée,couleur non trouvée,couleur non trouvée,couleur non trouvée,10.00,0.00,29.00,0.00
Wine pâle,couleur non trouvée,couleur non trouvée,couleur non trouvée,couleur non trouvée,0.00,73.00,34.00,56.50
rouge spécial,couleur non trouvée,couleur non trouvée,couleur non trouvée,couleur non trouvée,2.00,95.00,70.00,0.00

